"caseID","timeStamp","userID","targetApp","eventType","url","content","target.workbookName","target.sheetName","target.id","target.class","target.tagName","target.type","target.name","target.value","target.innerText","target.checked","target.href","target.option","target.title","target.innerHTML"
"1","2019-10-21T00:10:09.640Z","vleno","Excel","copyCell","","John","StudentRecords.xlsx","Sheet1","A2","","","","","John","","","","","",""
"1","2019-10-21T00:10:12.216Z","vleno","Chrome","paste","https://forms.zoho.com/universityofmelbourne/form/NewRecord","John","","","","","INPUT","text","SingleLine","","","","","","",""
"1","2019-10-21T00:10:13.281Z","vleno","Chrome","editField","https://forms.zoho.com/universityofmelbourne/form/NewRecord","","","","","","INPUT","text","SingleLine","John","","","","","",""
"1","2019-10-21T00:10:16.269Z","vleno","Excel","copyCell","","Doe","StudentRecords.xlsx","Sheet1","B2","","","","","Doe","","","","","",""
"1","2019-10-21T00:10:18.810Z","vleno","Chrome","paste","https://forms.zoho.com/universityofmelbourne/form/NewRecord","Doe","","","","","INPUT","text","SingleLine","John ","","","","","",""
"1","2019-10-21T00:10:19.161Z","vleno","Chrome","editField","https://forms.zoho.com/universityofmelbourne/form/NewRecord","","","","","","INPUT","text","SingleLine","John Doe","","","","","",""
"1","2019-10-21T00:11:37.513Z","vleno","Chrome","clickButton","https://forms.zoho.com/universityofmelbourne/form/NewRecord","","","","","","BUTTON","submit","","submit","Submit","","","","","\n<em>Submit</em>\n"
"2","2019-10-21T00:12:04.330Z","vleno","Excel","copyCell","","Albert","StudentRecords.xlsx","Sheet1","A3","","","","","Albert","","","","","",""
"2","2019-10-21T00:12:09.464Z","vleno","Chrome","paste","https://forms.zoho.com/universityofmelbourne/form/NewRecord","Albert","","","","","INPUT","text","SingleLine","","","","","","",""
"2","2019-10-21T00:12:10.104Z","vleno","Chrome","editField","https://forms.zoho.com/universityofmelbourne/form/NewRecord","","","","","","INPUT","text","SingleLine","Albert","","","","","",""
"2","2019-10-21T00:12:16.000Z","vleno","Excel","copyCell","","Rauf","StudentRecords.xlsx","Sheet1","B3","","","","","Rauf","","","","","",""
"2","2019-10-21T00:12:19.240Z","vleno","Chrome","paste","https://forms.zoho.com/universityofmelbourne/form/NewRecord","Rauf","","","","","INPUT","text","SingleLine","Albert ","","","","","",""
"2","2019-10-21T00:12:19.953Z","vleno","Chrome","editField","https://forms.zoho.com/universityofmelbourne/form/NewRecord","","","","","","INPUT","text","SingleLine","Albert Rauf","","","","","",""
"2","2019-10-21T00:13:29.824Z","vleno","Chrome","clickButton","https://forms.zoho.com/universityofmelbourne/form/NewRecord","","","","","","BUTTON","submit","","submit","Submit","","","","","\n<em>Submit</em>\n"
"3","2019-10-21T00:13:39.966Z","vleno","Excel","copyCell","","Steven","StudentRecords.xlsx","Sheet1","A4","","","","","Steven","","","","","",""
"3","2019-10-21T00:13:42.048Z","vleno","Chrome","paste","https://forms.zoho.com/universityofmelbourne/form/NewRecord","Steven","","","","","INPUT","text","SingleLine","","","","","","",""
"3","2019-10-21T00:13:42.505Z","vleno","Chrome","editField","https://forms.zoho.com/universityofmelbourne/form/NewRecord","","","","","","INPUT","text","SingleLine","Steven","","","","","",""
"3","2019-10-21T00:13:44.742Z","vleno","Excel","copyCell","","Richards","StudentRecords.xlsx","Sheet1","B4","","","","","Richards","","","","","",""
"3","2019-10-21T00:13:46.696Z","vleno","Chrome","paste","https://forms.zoho.com/universityofmelbourne/form/NewRecord","Richards","","","","","INPUT","text","SingleLine","Steven ","","","","","",""
"3","2019-10-21T00:13:47.169Z","vleno","Chrome","editField","https://forms.zoho.com/universityofmelbourne/form/NewRecord","","","","","","INPUT","text","SingleLine","Steven Richards","","","","","",""
"3","2019-10-21T00:15:07.071Z","vleno","Chrome","clickButton","https://forms.zoho.com/universityofmelbourne/form/NewRecord","","","","","","BUTTON","submit","","submit","Submit","","","","","\n<em>Submit</em>\n"
"4","2019-10-21T00:15:15.277Z","vleno","Excel","copyCell","","Gerard","StudentRecords.xlsx","Sheet1","A5","","","","","Gerard","","","","","",""
"4","2019-10-21T00:15:17.169Z","vleno","Chrome","paste","https://forms.zoho.com/universityofmelbourne/form/NewRecord","Gerard","","","","","INPUT","text","SingleLine","","","","","","",""
"4","2019-10-21T00:15:17.554Z","vleno","Chrome","editField","https://forms.zoho.com/universityofmelbourne/form/NewRecord","","","","","","INPUT","text","SingleLine","Gerard","","","","","",""
"4","2019-10-21T00:15:19.861Z","vleno","Excel","copyCell","","Dubois","StudentRecords.xlsx","Sheet1","B5","","","","","Dubois","","","","","",""
"4","2019-10-21T00:15:21.744Z","vleno","Chrome","paste","https://forms.zoho.com/universityofmelbourne/form/NewRecord","Dubois","","","","","INPUT","text","SingleLine","Gerard ","","","","","",""
"4","2019-10-21T00:15:22.105Z","vleno","Chrome","editField","https://forms.zoho.com/universityofmelbourne/form/NewRecord","","","","","","INPUT","text","SingleLine","Gerard Dubois","","","","","",""
"4","2019-10-21T00:16:25.322Z","vleno","Chrome","clickButton","https://forms.zoho.com/universityofmelbourne/form/NewRecord","","","","","","BUTTON","submit","","submit","Submit","","","","","\n<em>Submit</em>\n"
"5","2019-10-21T00:16:33.271Z","vleno","Excel","copyCell","","Audrey","StudentRecords.xlsx","Sheet1","A6","","","","","Audrey","","","","","",""
"5","2019-10-21T00:16:35.145Z","vleno","Chrome","paste","https://forms.zoho.com/universityofmelbourne/form/NewRecord","Audrey","","","","","INPUT","text","SingleLine","","","","","","",""
"5","2019-10-21T00:16:35.513Z","vleno","Chrome","editField","https://forms.zoho.com/universityofmelbourne/form/NewRecord","","","","","","INPUT","text","SingleLine","Audrey","","","","","",""
"5","2019-10-21T00:16:37.886Z","vleno","Excel","copyCell","","Backer","StudentRecords.xlsx","Sheet1","B6","","","","","Backer","","","","","",""
"5","2019-10-21T00:16:39.608Z","vleno","Chrome","paste","https://forms.zoho.com/universityofmelbourne/form/NewRecord","Backer","","","","","INPUT","text","SingleLine","Audrey ","","","","","",""
"5","2019-10-21T00:16:39.952Z","vleno","Chrome","editField","https://forms.zoho.com/universityofmelbourne/form/NewRecord","","","","","","INPUT","text","SingleLine","Audrey Backer","","","","","",""
"5","2019-10-21T00:17:40.080Z","vleno","Chrome","clickButton","https://forms.zoho.com/universityofmelbourne/form/NewRecord","","","","","","BUTTON","submit","","submit","Submit","","","","","\n<em>Submit</em>\n"
"6","2019-10-21T00:17:49.597Z","vleno","Excel","copyCell","","Carl","StudentRecords.xlsx","Sheet1","A7","","","","","Carl","","","","","",""
"6","2019-10-21T00:17:51.872Z","vleno","Chrome","paste","https://forms.zoho.com/universityofmelbourne/form/NewRecord","Carl","","","","","INPUT","text","SingleLine","","","","","","",""
"6","2019-10-21T00:17:52.289Z","vleno","Chrome","editField","https://forms.zoho.com/universityofmelbourne/form/NewRecord","","","","","","INPUT","text","SingleLine","Carl","","","","","",""
"6","2019-10-21T00:17:54.517Z","vleno","Excel","copyCell","","Gustafsson","StudentRecords.xlsx","Sheet1","B7","","","","","Gustafsson","","","","","",""
"6","2019-10-21T00:17:56.457Z","vleno","Chrome","paste","https://forms.zoho.com/universityofmelbourne/form/NewRecord","Gustafsson","","","","","INPUT","text","SingleLine","Carl ","","","","","",""
"6","2019-10-21T00:17:56.784Z","vleno","Chrome","editField","https://forms.zoho.com/universityofmelbourne/form/NewRecord","","","","","","INPUT","text","SingleLine","Carl Gustafsson","","","","","",""
"6","2019-10-21T00:18:53.930Z","vleno","Chrome","clickButton","https://forms.zoho.com/universityofmelbourne/form/NewRecord","","","","","","BUTTON","submit","","submit","Submit","","","","","\n<em>Submit</em>\n"
"7","2019-10-21T00:19:01.076Z","vleno","Excel","copyCell","","Sarah","StudentRecords.xlsx","Sheet1","A8","","","","","Sarah","","","","","",""
"7","2019-10-21T00:19:02.872Z","vleno","Chrome","paste","https://forms.zoho.com/universityofmelbourne/form/NewRecord","Sarah","","","","","INPUT","text","SingleLine","","","","","","",""
"7","2019-10-21T00:19:03.225Z","vleno","Chrome","editField","https://forms.zoho.com/universityofmelbourne/form/NewRecord","","","","","","INPUT","text","SingleLine","Sarah","","","","","",""
"7","2019-10-21T00:19:05.473Z","vleno","Excel","copyCell","","Johnson","StudentRecords.xlsx","Sheet1","B8","","","","","Johnson","","","","","",""
"7","2019-10-21T00:19:07.128Z","vleno","Chrome","paste","https://forms.zoho.com/universityofmelbourne/form/NewRecord","Johnson","","","","","INPUT","text","SingleLine","Sarah ","","","","","",""
"7","2019-10-21T00:19:07.425Z","vleno","Chrome","editField","https://forms.zoho.com/universityofmelbourne/form/NewRecord","","","","","","INPUT","text","SingleLine","Sarah Johnson","","","","","",""
"7","2019-10-21T00:20:04.147Z","vleno","Chrome","clickButton","https://forms.zoho.com/universityofmelbourne/form/NewRecord","","","","","","BUTTON","submit","","submit","Submit","","","","","\n<em>Submit</em>\n"
"8","2019-10-21T00:20:10.962Z","vleno","Excel","copyCell","","Andrea","StudentRecords.xlsx","Sheet1","A9","","","","","Andrea","","","","","",""
"8","2019-10-21T00:20:12.865Z","vleno","Chrome","paste","https://forms.zoho.com/universityofmelbourne/form/NewRecord","Andrea","","","","","INPUT","text","SingleLine","","","","","","",""
"8","2019-10-21T00:20:13.201Z","vleno","Chrome","editField","https://forms.zoho.com/universityofmelbourne/form/NewRecord","","","","","","INPUT","text","SingleLine","Andrea","","","","","",""
"8","2019-10-21T00:20:15.321Z","vleno","Excel","copyCell","","Bolzano","StudentRecords.xlsx","Sheet1","B9","","","","","Bolzano","","","","","",""
"8","2019-10-21T00:20:16.945Z","vleno","Chrome","paste","https://forms.zoho.com/universityofmelbourne/form/NewRecord","Bolzano","","","","","INPUT","text","SingleLine","Andrea ","","","","","",""
"8","2019-10-21T00:20:17.226Z","vleno","Chrome","editField","https://forms.zoho.com/universityofmelbourne/form/NewRecord","","","","","","INPUT","text","SingleLine","Andrea Bolzano","","","","","",""
"8","2019-10-21T00:21:17.165Z","vleno","Chrome","clickButton","https://forms.zoho.com/universityofmelbourne/form/NewRecord","","","","","","BUTTON","submit","","submit","Submit","","","","","\n<em>Submit</em>\n"
"9","2019-10-21T00:21:23.993Z","vleno","Excel","copyCell","","Hannah","StudentRecords.xlsx","Sheet1","A10","","","","","Hannah","","","","","",""
"9","2019-10-21T00:21:31.200Z","vleno","Chrome","paste","https://forms.zoho.com/universityofmelbourne/form/NewRecord","Hannah","","","","","INPUT","text","SingleLine","","","","","","",""
"9","2019-10-21T00:21:31.625Z","vleno","Chrome","editField","https://forms.zoho.com/universityofmelbourne/form/NewRecord","","","","","","INPUT","text","SingleLine","Hannah","","","","","",""
"9","2019-10-21T00:21:33.853Z","vleno","Excel","copyCell","","Dietmeier","StudentRecords.xlsx","Sheet1","B10","","","","","Dietmeier","","","","","",""
"9","2019-10-21T00:21:35.642Z","vleno","Chrome","paste","https://forms.zoho.com/universityofmelbourne/form/NewRecord","Dietmeier","","","","","INPUT","text","SingleLine","Hannah ","","","","","",""
"9","2019-10-21T00:21:35.872Z","vleno","Chrome","editField","https://forms.zoho.com/universityofmelbourne/form/NewRecord","","","","","","INPUT","text","SingleLine","Hannah Dietmeier","","","","","",""
"9","2019-10-21T00:22:44.002Z","vleno","Chrome","clickButton","https://forms.zoho.com/universityofmelbourne/form/NewRecord","","","","","","BUTTON","submit","","submit","Submit","","","","","\n<em>Submit</em>\n"
"10","2019-10-21T00:22:50.869Z","vleno","Excel","copyCell","","Igor","StudentRecords.xlsx","Sheet1","A11","","","","","Igor","","","","","",""
"10","2019-10-21T00:22:52.521Z","vleno","Chrome","paste","https://forms.zoho.com/universityofmelbourne/form/NewRecord","Igor","","","","","INPUT","text","SingleLine","","","","","","",""
"10","2019-10-21T00:22:52.865Z","vleno","Chrome","editField","https://forms.zoho.com/universityofmelbourne/form/NewRecord","","","","","","INPUT","text","SingleLine","Igor","","","","","",""
"10","2019-10-21T00:22:54.942Z","vleno","Excel","copyCell","","Honchar","StudentRecords.xlsx","Sheet1","B11","","","","","Honchar","","","","","",""
"10","2019-10-21T00:22:56.521Z","vleno","Chrome","paste","https://forms.zoho.com/universityofmelbourne/form/NewRecord","Honchar","","","","","INPUT","text","SingleLine","Igor ","","","","","",""
"10","2019-10-21T00:22:56.776Z","vleno","Chrome","editField","https://forms.zoho.com/universityofmelbourne/form/NewRecord","","","","","","INPUT","text","SingleLine","Igor Honchar","","","","","",""
"10","2019-10-21T00:24:03.341Z","vleno","Chrome","clickButton","https://forms.zoho.com/universityofmelbourne/form/NewRecord","","","","","","BUTTON","submit","","submit","Submit","","","","","\n<em>Submit</em>\n"
"20","2019-10-21T00:35:00.706Z","vleno","Excel","copyCell","","Adam","StudentRecords.xlsx","Sheet1","A21","","","","","Adam","","","","","",""
"20","2019-10-21T00:35:04.026Z","vleno","Chrome","paste","https://forms.zoho.com/universityofmelbourne/form/NewRecord","Adam","","","","","INPUT","text","SingleLine","","","","","","",""
"20","2019-10-21T00:35:04.346Z","vleno","Chrome","editField","https://forms.zoho.com/universityofmelbourne/form/NewRecord","","","","","","INPUT","text","SingleLine","Adam","","","","","",""
"20","2019-10-21T00:35:06.694Z","vleno","Excel","copyCell","","Nickolson","StudentRecords.xlsx","Sheet1","B21","","","","","Nickolson","","","","","",""
"20","2019-10-21T00:35:08.570Z","vleno","Chrome","paste","https://forms.zoho.com/universityofmelbourne/form/NewRecord","Nickolson","","","","","INPUT","text","SingleLine","Adam ","","","","","",""
"20","2019-10-21T00:35:08.801Z","vleno","Chrome","editField","https://forms.zoho.com/universityofmelbourne/form/NewRecord","","","","","","INPUT","text","SingleLine","Adam Nickolson","","","","","",""
"20","2019-10-21T00:36:01.106Z","vleno","Chrome","clickButton","https://forms.zoho.com/universityofmelbourne/form/NewRecord","","","","","","BUTTON","submit","","submit","Submit","","","","","\n<em>Submit</em>\n"
"30","2019-10-21T00:47:53.874Z","vleno","Excel","copyCell","","Cong","StudentRecords.xlsx","Sheet1","A31","","","","","Cong","","","","","",""
"30","2019-10-21T00:47:55.529Z","vleno","Chrome","paste","https://forms.zoho.com/universityofmelbourne/form/NewRecord","Cong","","","","","INPUT","text","SingleLine","","","","","","",""
"30","2019-10-21T00:47:55.825Z","vleno","Chrome","editField","https://forms.zoho.com/universityofmelbourne/form/NewRecord","","","","","","INPUT","text","SingleLine","Cong","","","","","",""
"30","2019-10-21T00:47:57.956Z","vleno","Excel","copyCell","","Lin","StudentRecords.xlsx","Sheet1","B31","","","","","Lin","","","","","",""
"30","2019-10-21T00:47:59.505Z","vleno","Chrome","paste","https://forms.zoho.com/universityofmelbourne/form/NewRecord","Lin","","","","","INPUT","text","SingleLine","Cong ","","","","","",""
"30","2019-10-21T00:47:59.737Z","vleno","Chrome","editField","https://forms.zoho.com/universityofmelbourne/form/NewRecord","","","","","","INPUT","text","SingleLine","Cong Lin","","","","","",""
"30","2019-10-21T00:48:59.622Z","vleno","Chrome","clickButton","https://forms.zoho.com/universityofmelbourne/form/NewRecord","","","","","","BUTTON","submit","","submit","Submit","","","","","\n<em>Submit</em>\n"
"40","2019-10-21T01:00:58.933Z","vleno","Excel","copyCell","","Raino","StudentRecords.xlsx","Sheet1","A41","","","","","Raino","","","","","",""
"40","2019-10-21T01:01:00.796Z","vleno","Chrome","paste","https://forms.zoho.com/universityofmelbourne/form/NewRecord","Raino","","","","","INPUT","text","SingleLine","","","","","","",""
"40","2019-10-21T01:00:56.577Z","vleno","Chrome","editField","https://forms.zoho.com/universityofmelbourne/form/NewRecord","","","","","","INPUT","text","SingleLine","Raino","","","","","",""
"40","2019-10-21T01:00:58.933Z","vleno","Excel","copyCell","","Lampen","StudentRecords.xlsx","Sheet1","B41","","","","","Lampen","","","","","",""
"40","2019-10-21T01:01:00.796Z","vleno","Chrome","paste","https://forms.zoho.com/universityofmelbourne/form/NewRecord","Lampen","","","","","INPUT","text","SingleLine","Raino ","","","","","",""
"40","2019-10-21T01:01:01.035Z","vleno","Chrome","editField","https://forms.zoho.com/universityofmelbourne/form/NewRecord","","","","","","INPUT","text","SingleLine","Raino Lampen","","","","","",""
"40","2019-10-21T01:02:20.728Z","vleno","Chrome","clickButton","https://forms.zoho.com/universityofmelbourne/form/NewRecord","","","","","","BUTTON","submit","","submit","Submit","","","","","\n<em>Submit</em>\n"
"50","2019-10-21T01:13:09.041Z","vleno","Excel","copyCell","","Lucja","StudentRecords.xlsx","Sheet1","A51","","","","","Lucja","","","","","",""
"50","2019-10-21T01:13:11.009Z","vleno","Chrome","paste","https://forms.zoho.com/universityofmelbourne/form/NewRecord","Lucja","","","","","INPUT","text","SingleLine","","","","","","",""
"50","2019-10-21T01:13:11.313Z","vleno","Chrome","editField","https://forms.zoho.com/universityofmelbourne/form/NewRecord","","","","","","INPUT","text","SingleLine","Lucja","","","","","",""
"50","2019-10-21T01:13:13.860Z","vleno","Excel","copyCell","","Michalska","StudentRecords.xlsx","Sheet1","B51","","","","","Michalska","","","","","",""
"50","2019-10-21T01:13:15.672Z","vleno","Chrome","paste","https://forms.zoho.com/universityofmelbourne/form/NewRecord","Michalska","","","","","INPUT","text","SingleLine","Lucja ","","","","","",""
"50","2019-10-21T01:13:15.977Z","vleno","Chrome","editField","https://forms.zoho.com/universityofmelbourne/form/NewRecord","","","","","","INPUT","text","SingleLine","Lucja Michalska","","","","","",""
"50","2019-10-21T01:14:16.018Z","vleno","Chrome","clickButton","https://forms.zoho.com/universityofmelbourne/form/NewRecord","","","","","","BUTTON","submit","","submit","Submit","","","","","\n<em>Submit</em>\n"
"11","2019-10-21T00:24:13.305Z","vleno","Excel","copyCell","","Oliver","StudentRecords.xlsx","Sheet1","A12","","","","","Oliver","","","","","",""
"11","2019-10-21T00:24:14.953Z","vleno","Chrome","paste","https://forms.zoho.com/universityofmelbourne/form/NewRecord","Oliver","","","","","INPUT","text","SingleLine","","","","","","",""
"11","2019-10-21T00:24:15.281Z","vleno","Chrome","editField","https://forms.zoho.com/universityofmelbourne/form/NewRecord","","","","","","INPUT","text","SingleLine","Oliver","","","","","",""
"11","2019-10-21T00:24:17.355Z","vleno","Excel","copyCell","","Dunkan","StudentRecords.xlsx","Sheet1","B12","","","","","Dunkan","","","","","",""
"11","2019-10-21T00:24:18.921Z","vleno","Chrome","paste","https://forms.zoho.com/universityofmelbourne/form/NewRecord","Dunkan","","","","","INPUT","text","SingleLine","Oliver ","","","","","",""
"11","2019-10-21T00:24:19.153Z","vleno","Chrome","editField","https://forms.zoho.com/universityofmelbourne/form/NewRecord","","","","","","INPUT","text","SingleLine","Oliver Dunkan","","","","","",""
"11","2019-10-21T00:25:20.367Z","vleno","Chrome","clickButton","https://forms.zoho.com/universityofmelbourne/form/NewRecord","","","","","","BUTTON","submit","","submit","Submit","","","","","\n<em>Submit</em>\n"
"21","2019-10-21T00:36:14.573Z","vleno","Excel","copyCell","","Adrian","StudentRecords.xlsx","Sheet1","A22","","","","","Adrian","","","","","",""
"21","2019-10-21T00:36:16.385Z","vleno","Chrome","paste","https://forms.zoho.com/universityofmelbourne/form/NewRecord","Adrian","","","","","INPUT","text","SingleLine","","","","","","",""
"21","2019-10-21T00:36:16.754Z","vleno","Chrome","editField","https://forms.zoho.com/universityofmelbourne/form/NewRecord","","","","","","INPUT","text","SingleLine","Adrian","","","","","",""
"21","2019-10-21T00:36:18.988Z","vleno","Excel","copyCell","","Gomez","StudentRecords.xlsx","Sheet1","B22","","","","","Gomez","","","","","",""
"21","2019-10-21T00:36:20.857Z","vleno","Chrome","paste","https://forms.zoho.com/universityofmelbourne/form/NewRecord","Gomez","","","","","INPUT","text","SingleLine","Adrian ","","","","","",""
"21","2019-10-21T00:36:21.297Z","vleno","Chrome","editField","https://forms.zoho.com/universityofmelbourne/form/NewRecord","","","","","","INPUT","text","SingleLine","Adrian Gomez","","","","","",""
"21","2019-10-21T00:37:21.355Z","vleno","Chrome","clickButton","https://forms.zoho.com/universityofmelbourne/form/NewRecord","","","","","","BUTTON","submit","","submit","Submit","","","","","\n<em>Submit</em>\n"
"31","2019-10-21T00:49:07.306Z","vleno","Excel","copyCell","","Chow","StudentRecords.xlsx","Sheet1","A32","","","","","Chow","","","","","",""
"31","2019-10-21T00:49:08.961Z","vleno","Chrome","paste","https://forms.zoho.com/universityofmelbourne/form/NewRecord","Chow","","","","","INPUT","text","SingleLine","","","","","","",""
"31","2019-10-21T00:49:09.233Z","vleno","Chrome","editField","https://forms.zoho.com/universityofmelbourne/form/NewRecord","","","","","","INPUT","text","SingleLine","Chow","","","","","",""
"31","2019-10-21T00:49:11.436Z","vleno","Excel","copyCell","","Hsu","StudentRecords.xlsx","Sheet1","B32","","","","","Hsu","","","","","",""
"31","2019-10-21T00:49:13.590Z","vleno","Chrome","paste","https://forms.zoho.com/universityofmelbourne/form/NewRecord","Hsu","","","","","INPUT","text","SingleLine","Chow ","","","","","",""
"31","2019-10-21T00:49:13.825Z","vleno","Chrome","editField","https://forms.zoho.com/universityofmelbourne/form/NewRecord","","","","","","INPUT","text","SingleLine","Chow Hsu","","","","","",""
"31","2019-10-21T00:50:15.585Z","vleno","Chrome","clickButton","https://forms.zoho.com/universityofmelbourne/form/NewRecord","","","","","","BUTTON","submit","","submit","Submit","","","","","\n<em>Submit</em>\n"
"41","2019-10-21T01:02:33.757Z","vleno","Excel","copyCell","","Juha","StudentRecords.xlsx","Sheet1","A42","","","","","Juha","","","","","",""
"41","2019-10-21T01:02:35.626Z","vleno","Chrome","paste","https://forms.zoho.com/universityofmelbourne/form/NewRecord","Juha","","","","","INPUT","text","SingleLine","","","","","","",""
"41","2019-10-21T01:02:35.913Z","vleno","Chrome","editField","https://forms.zoho.com/universityofmelbourne/form/NewRecord","","","","","","INPUT","text","SingleLine","Juha","","","","","",""
"41","2019-10-21T01:02:38.080Z","vleno","Excel","copyCell","","Hanski","StudentRecords.xlsx","Sheet1","B42","","","","","Hanski","","","","","",""
"41","2019-10-21T01:02:40.257Z","vleno","Chrome","paste","https://forms.zoho.com/universityofmelbourne/form/NewRecord","Hanski","","","","","INPUT","text","SingleLine","Juha ","","","","","",""
"41","2019-10-21T01:02:40.505Z","vleno","Chrome","editField","https://forms.zoho.com/universityofmelbourne/form/NewRecord","","","","","","INPUT","text","SingleLine","Juha Hanski","","","","","",""
"41","2019-10-21T01:03:40.080Z","vleno","Chrome","clickButton","https://forms.zoho.com/universityofmelbourne/form/NewRecord","","","","","","BUTTON","submit","","submit","Submit","","","","","\n<em>Submit</em>\n"
"12","2019-10-21T00:25:27.721Z","vleno","Excel","copyCell","","Terry","StudentRecords.xlsx","Sheet1","A13","","","","","Terry","","","","","",""
"12","2019-10-21T00:25:29.465Z","vleno","Chrome","paste","https://forms.zoho.com/universityofmelbourne/form/NewRecord","Terry","","","","","INPUT","text","SingleLine","","","","","","",""
"12","2019-10-21T00:25:29.770Z","vleno","Chrome","editField","https://forms.zoho.com/universityofmelbourne/form/NewRecord","","","","","","INPUT","text","SingleLine","Terry","","","","","",""
"12","2019-10-21T00:25:31.976Z","vleno","Excel","copyCell","","Klint","StudentRecords.xlsx","Sheet1","B13","","","","","Klint","","","","","",""
"12","2019-10-21T00:25:33.721Z","vleno","Chrome","paste","https://forms.zoho.com/universityofmelbourne/form/NewRecord","Klint","","","","","INPUT","text","SingleLine","Terry ","","","","","",""
"12","2019-10-21T00:25:33.969Z","vleno","Chrome","editField","https://forms.zoho.com/universityofmelbourne/form/NewRecord","","","","","","INPUT","text","SingleLine","Terry Klint","","","","","",""
"12","2019-10-21T00:26:31.472Z","vleno","Chrome","clickButton","https://forms.zoho.com/universityofmelbourne/form/NewRecord","","","","","","BUTTON","submit","","submit","Submit","","","","","\n<em>Submit</em>\n"
"22","2019-10-21T00:37:36.916Z","vleno","Excel","copyCell","","Samantha","StudentRecords.xlsx","Sheet1","A23","","","","","Samantha","","","","","",""
"22","2019-10-21T00:37:38.426Z","vleno","Chrome","paste","https://forms.zoho.com/universityofmelbourne/form/NewRecord","Samantha","","","","","INPUT","text","SingleLine","","","","","","",""
"22","2019-10-21T00:37:38.705Z","vleno","Chrome","editField","https://forms.zoho.com/universityofmelbourne/form/NewRecord","","","","","","INPUT","text","SingleLine","Samantha","","","","","",""
"22","2019-10-21T00:37:40.892Z","vleno","Excel","copyCell","","Cooper","StudentRecords.xlsx","Sheet1","B23","","","","","Cooper","","","","","",""
"22","2019-10-21T00:37:42.680Z","vleno","Chrome","paste","https://forms.zoho.com/universityofmelbourne/form/NewRecord","Cooper","","","","","INPUT","text","SingleLine","Samantha ","","","","","",""
"22","2019-10-21T00:37:42.937Z","vleno","Chrome","editField","https://forms.zoho.com/universityofmelbourne/form/NewRecord","","","","","","INPUT","text","SingleLine","Samantha Cooper","","","","","",""
"22","2019-10-21T00:38:43.467Z","vleno","Chrome","clickButton","https://forms.zoho.com/universityofmelbourne/form/NewRecord","","","","","","BUTTON","submit","","submit","Submit","","","","","\n<em>Submit</em>\n"
"32","2019-10-21T00:50:24.801Z","vleno","Excel","copyCell","","Ai","StudentRecords.xlsx","Sheet1","A33","","","","","Ai","","","","","",""
"32","2019-10-21T00:50:26.169Z","vleno","Chrome","paste","https://forms.zoho.com/universityofmelbourne/form/NewRecord","Ai","","","","","INPUT","text","SingleLine","","","","","","",""
"32","2019-10-21T00:50:26.450Z","vleno","Chrome","editField","https://forms.zoho.com/universityofmelbourne/form/NewRecord","","","","","","INPUT","text","SingleLine","Ai","","","","","",""
"32","2019-10-21T00:50:28.785Z","vleno","Excel","copyCell","","Tsao","StudentRecords.xlsx","Sheet1","B33","","","","","Tsao","","","","","",""
"32","2019-10-21T00:50:30.169Z","vleno","Chrome","paste","https://forms.zoho.com/universityofmelbourne/form/NewRecord","Tsao","","","","","INPUT","text","SingleLine","Ai ","","","","","",""
"32","2019-10-21T00:50:30.417Z","vleno","Chrome","editField","https://forms.zoho.com/universityofmelbourne/form/NewRecord","","","","","","INPUT","text","SingleLine","Ai Tsao","","","","","",""
"32","2019-10-21T00:51:25.403Z","vleno","Chrome","clickButton","https://forms.zoho.com/universityofmelbourne/form/NewRecord","","","","","","BUTTON","submit","","submit","Submit","","","","","\n<em>Submit</em>\n"
"42","2019-10-21T01:03:47.630Z","vleno","Excel","copyCell","","Herczeg","StudentRecords.xlsx","Sheet1","A43","","","","","Herczeg","","","","","",""
"42","2019-10-21T01:03:49.873Z","vleno","Chrome","paste","https://forms.zoho.com/universityofmelbourne/form/NewRecord","Herczeg","","","","","INPUT","text","SingleLine","","","","","","",""
"42","2019-10-21T01:03:50.169Z","vleno","Chrome","editField","https://forms.zoho.com/universityofmelbourne/form/NewRecord","","","","","","INPUT","text","SingleLine","Herczeg","","","","","",""
"42","2019-10-21T01:03:52.314Z","vleno","Excel","copyCell","","Oszkar","StudentRecords.xlsx","Sheet1","B43","","","","","Oszkar","","","","","",""
"42","2019-10-21T01:03:53.905Z","vleno","Chrome","paste","https://forms.zoho.com/universityofmelbourne/form/NewRecord","Oszkar","","","","","INPUT","text","SingleLine","Herczeg ","","","","","",""
"42","2019-10-21T01:03:54.129Z","vleno","Chrome","editField","https://forms.zoho.com/universityofmelbourne/form/NewRecord","","","","","","INPUT","text","SingleLine","Herczeg Oszkar","","","","","",""
"42","2019-10-21T01:05:05.297Z","vleno","Chrome","clickButton","https://forms.zoho.com/universityofmelbourne/form/NewRecord","","","","","","BUTTON","submit","","submit","Submit","","","","","\n<em>Submit</em>\n"
"13","2019-10-21T00:26:37.863Z","vleno","Excel","copyCell","","Volodymyr","StudentRecords.xlsx","Sheet1","A14","","","","","Volodymyr","","","","","",""
"13","2019-10-21T00:26:39.985Z","vleno","Chrome","paste","https://forms.zoho.com/universityofmelbourne/form/NewRecord","Volodymyr","","","","","INPUT","text","SingleLine","","","","","","",""
"13","2019-10-21T00:26:40.329Z","vleno","Chrome","editField","https://forms.zoho.com/universityofmelbourne/form/NewRecord","","","","","","INPUT","text","SingleLine","Volodymyr","","","","","",""
"13","2019-10-21T00:26:42.515Z","vleno","Excel","copyCell","","Leno","StudentRecords.xlsx","Sheet1","B14","","","","","Leno","","","","","",""
"13","2019-10-21T00:26:44.201Z","vleno","Chrome","paste","https://forms.zoho.com/universityofmelbourne/form/NewRecord","Leno","","","","","INPUT","text","SingleLine","Volodymyr ","","","","","",""
"13","2019-10-21T00:26:44.497Z","vleno","Chrome","editField","https://forms.zoho.com/universityofmelbourne/form/NewRecord","","","","","","INPUT","text","SingleLine","Volodymyr Leno","","","","","",""
"13","2019-10-21T00:27:41.195Z","vleno","Chrome","clickButton","https://forms.zoho.com/universityofmelbourne/form/NewRecord","","","","","","BUTTON","submit","","submit","Submit","","","","","\n<em>Submit</em>\n"
"23","2019-10-21T00:38:52.740Z","vleno","Excel","copyCell","","Olga","StudentRecords.xlsx","Sheet1","A24","","","","","Olga","","","","","",""
"23","2019-10-21T00:38:54.291Z","vleno","Chrome","paste","https://forms.zoho.com/universityofmelbourne/form/NewRecord","Olga","","","","","INPUT","text","SingleLine","","","","","","",""
"23","2019-10-21T00:38:54.577Z","vleno","Chrome","editField","https://forms.zoho.com/universityofmelbourne/form/NewRecord","","","","","","INPUT","text","SingleLine","Olga","","","","","",""
"23","2019-10-21T00:38:56.624Z","vleno","Excel","copyCell","","Mykolenchuk","StudentRecords.xlsx","Sheet1","B24","","","","","Mykolenchuk","","","","","",""
"23","2019-10-21T00:38:58.712Z","vleno","Chrome","paste","https://forms.zoho.com/universityofmelbourne/form/NewRecord","Mykolenchuk","","","","","INPUT","text","SingleLine","Olga ","","","","","",""
"23","2019-10-21T00:38:58.970Z","vleno","Chrome","editField","https://forms.zoho.com/universityofmelbourne/form/NewRecord","","","","","","INPUT","text","SingleLine","Olga Mykolenchuk","","","","","",""
"23","2019-10-21T00:40:09.069Z","vleno","Chrome","clickButton","https://forms.zoho.com/universityofmelbourne/form/NewRecord","","","","","","BUTTON","submit","","submit","Submit","","","","","\n<em>Submit</em>\n"
"33","2019-10-21T00:51:34.437Z","vleno","Excel","copyCell","","Dong","StudentRecords.xlsx","Sheet1","A34","","","","","Dong","","","","","",""
"33","2019-10-21T00:51:36.200Z","vleno","Chrome","paste","https://forms.zoho.com/universityofmelbourne/form/NewRecord","Dong","","","","","INPUT","text","SingleLine","","","","","","",""
"33","2019-10-21T00:51:36.505Z","vleno","Chrome","editField","https://forms.zoho.com/universityofmelbourne/form/NewRecord","","","","","","INPUT","text","SingleLine","Dong","","","","","",""
"33","2019-10-21T00:51:38.623Z","vleno","Excel","copyCell","","Wu","StudentRecords.xlsx","Sheet1","B34","","","","","Wu","","","","","",""
"33","2019-10-21T00:51:40.265Z","vleno","Chrome","paste","https://forms.zoho.com/universityofmelbourne/form/NewRecord","Wu","","","","","INPUT","text","SingleLine","Dong ","","","","","",""
"33","2019-10-21T00:51:40.521Z","vleno","Chrome","editField","https://forms.zoho.com/universityofmelbourne/form/NewRecord","","","","","","INPUT","text","SingleLine","Dong Wu","","","","","",""
"33","2019-10-21T00:52:33.458Z","vleno","Chrome","clickButton","https://forms.zoho.com/universityofmelbourne/form/NewRecord","","","","","","BUTTON","submit","","submit","Submit","","","","","\n<em>Submit</em>\n"
"43","2019-10-21T01:05:13.081Z","vleno","Excel","copyCell","","Hilda","StudentRecords.xlsx","Sheet1","A44","","","","","Hilda","","","","","",""
"43","2019-10-21T01:05:14.889Z","vleno","Chrome","paste","https://forms.zoho.com/universityofmelbourne/form/NewRecord","Hilda","","","","","INPUT","text","SingleLine","","","","","","",""
"43","2019-10-21T01:05:15.177Z","vleno","Chrome","editField","https://forms.zoho.com/universityofmelbourne/form/NewRecord","","","","","","INPUT","text","SingleLine","Hilda","","","","","",""
"43","2019-10-21T01:05:17.433Z","vleno","Excel","copyCell","","Diggle","StudentRecords.xlsx","Sheet1","B44","","","","","Diggle","","","","","",""
"43","2019-10-21T01:05:19.273Z","vleno","Chrome","paste","https://forms.zoho.com/universityofmelbourne/form/NewRecord","Diggle","","","","","INPUT","text","SingleLine","Hilda ","","","","","",""
"43","2019-10-21T01:05:19.506Z","vleno","Chrome","editField","https://forms.zoho.com/universityofmelbourne/form/NewRecord","","","","","","INPUT","text","SingleLine","Hilda Diggle","","","","","",""
"43","2019-10-21T01:06:15.953Z","vleno","Chrome","clickButton","https://forms.zoho.com/universityofmelbourne/form/NewRecord","","","","","","BUTTON","submit","","submit","Submit","","","","","\n<em>Submit</em>\n"
"14","2019-10-21T00:27:47.345Z","vleno","Excel","copyCell","","William","StudentRecords.xlsx","Sheet1","A15","","","","","William","","","","","",""
"14","2019-10-21T00:27:49.008Z","vleno","Chrome","paste","https://forms.zoho.com/universityofmelbourne/form/NewRecord","William","","","","","INPUT","text","SingleLine","","","","","","",""
"14","2019-10-21T00:27:49.352Z","vleno","Chrome","editField","https://forms.zoho.com/universityofmelbourne/form/NewRecord","","","","","","INPUT","text","SingleLine","William","","","","","",""
"14","2019-10-21T00:27:51.351Z","vleno","Excel","copyCell","","Macdonald","StudentRecords.xlsx","Sheet1","B15","","","","","Macdonald","","","","","",""
"14","2019-10-21T00:27:52.888Z","vleno","Chrome","paste","https://forms.zoho.com/universityofmelbourne/form/NewRecord","Macdonald","","","","","INPUT","text","SingleLine","William ","","","","","",""
"14","2019-10-21T00:27:53.113Z","vleno","Chrome","editField","https://forms.zoho.com/universityofmelbourne/form/NewRecord","","","","","","INPUT","text","SingleLine","William Macdonald","","","","","",""
"14","2019-10-21T00:28:47.783Z","vleno","Chrome","clickButton","https://forms.zoho.com/universityofmelbourne/form/NewRecord","","","","","","BUTTON","submit","","submit","Submit","","","","","\n<em>Submit</em>\n"
"24","2019-10-21T00:40:18.769Z","vleno","Excel","copyCell","","Samir","StudentRecords.xlsx","Sheet1","A25","","","","","Samir","","","","","",""
"24","2019-10-21T00:40:20.608Z","vleno","Chrome","paste","https://forms.zoho.com/universityofmelbourne/form/NewRecord","Samir","","","","","INPUT","text","SingleLine","","","","","","",""
"24","2019-10-21T00:40:20.920Z","vleno","Chrome","editField","https://forms.zoho.com/universityofmelbourne/form/NewRecord","","","","","","INPUT","text","SingleLine","Samir","","","","","",""
"24","2019-10-21T00:40:22.941Z","vleno","Excel","copyCell","","Ivdan","StudentRecords.xlsx","Sheet1","B25","","","","","Ivdan","","","","","",""
"24","2019-10-21T00:40:29.617Z","vleno","Chrome","paste","https://forms.zoho.com/universityofmelbourne/form/NewRecord","Ivdan","","","","","INPUT","text","SingleLine","Samir ","","","","","",""
"24","2019-10-21T00:40:29.880Z","vleno","Chrome","editField","https://forms.zoho.com/universityofmelbourne/form/NewRecord","","","","","","INPUT","text","SingleLine","Samir Ivdan","","","","","",""
"24","2019-10-21T00:41:23.268Z","vleno","Chrome","clickButton","https://forms.zoho.com/universityofmelbourne/form/NewRecord","","","","","","BUTTON","submit","","submit","Submit","","","","","\n<em>Submit</em>\n"
"34","2019-10-21T00:52:42.234Z","vleno","Excel","copyCell","","Jo","StudentRecords.xlsx","Sheet1","A35","","","","","Jo","","","","","",""
"34","2019-10-21T00:52:43.833Z","vleno","Chrome","paste","https://forms.zoho.com/universityofmelbourne/form/NewRecord","Jo","","","","","INPUT","text","SingleLine","","","","","","",""
"34","2019-10-21T00:52:44.161Z","vleno","Chrome","editField","https://forms.zoho.com/universityofmelbourne/form/NewRecord","","","","","","INPUT","text","SingleLine","Jo","","","","","",""
"34","2019-10-21T00:52:46.647Z","vleno","Excel","copyCell","","Seung-gyu","StudentRecords.xlsx","Sheet1","B35","","","","","Seung-gyu","","","","","",""
"34","2019-10-21T00:52:48.305Z","vleno","Chrome","paste","https://forms.zoho.com/universityofmelbourne/form/NewRecord","Seung-gyu","","","","","INPUT","text","SingleLine","Jo ","","","","","",""
"34","2019-10-21T00:52:48.642Z","vleno","Chrome","editField","https://forms.zoho.com/universityofmelbourne/form/NewRecord","","","","","","INPUT","text","SingleLine","Jo Seung-gyu","","","","","",""
"34","2019-10-21T00:53:47.477Z","vleno","Chrome","clickButton","https://forms.zoho.com/universityofmelbourne/form/NewRecord","","","","","","BUTTON","submit","","submit","Submit","","","","","\n<em>Submit</em>\n"
"44","2019-10-21T01:06:26.999Z","vleno","Excel","copyCell","","Daniel","StudentRecords.xlsx","Sheet1","A45","","","","","Daniel","","","","","",""
"44","2019-10-21T01:06:28.857Z","vleno","Chrome","paste","https://forms.zoho.com/universityofmelbourne/form/NewRecord","Daniel","","","","","INPUT","text","SingleLine","","","","","","",""
"44","2019-10-21T01:06:29.145Z","vleno","Chrome","editField","https://forms.zoho.com/universityofmelbourne/form/NewRecord","","","","","","INPUT","text","SingleLine","Daniel","","","","","",""
"44","2019-10-21T01:06:31.372Z","vleno","Excel","copyCell","","Brown","StudentRecords.xlsx","Sheet1","B45","","","","","Brown","","","","","",""
"44","2019-10-21T01:06:32.937Z","vleno","Chrome","paste","https://forms.zoho.com/universityofmelbourne/form/NewRecord","Brown","","","","","INPUT","text","SingleLine","Daniel ","","","","","",""
"44","2019-10-21T01:06:33.177Z","vleno","Chrome","editField","https://forms.zoho.com/universityofmelbourne/form/NewRecord","","","","","","INPUT","text","SingleLine","Daniel Brown","","","","","",""
"44","2019-10-21T01:07:25.224Z","vleno","Chrome","clickButton","https://forms.zoho.com/universityofmelbourne/form/NewRecord","","","","","","BUTTON","submit","","submit","Submit","","","","","\n<em>Submit</em>\n"
"15","2019-10-21T00:28:54.330Z","vleno","Excel","copyCell","","Jorge","StudentRecords.xlsx","Sheet1","A16","","","","","Jorge","","","","","",""
"15","2019-10-21T00:28:55.921Z","vleno","Chrome","paste","https://forms.zoho.com/universityofmelbourne/form/NewRecord","Jorge","","","","","INPUT","text","SingleLine","","","","","","",""
"15","2019-10-21T00:28:56.241Z","vleno","Chrome","editField","https://forms.zoho.com/universityofmelbourne/form/NewRecord","","","","","","INPUT","text","SingleLine","Jorge","","","","","",""
"15","2019-10-21T00:28:58.419Z","vleno","Excel","copyCell","","Canales","StudentRecords.xlsx","Sheet1","B16","","","","","Canales","","","","","",""
"15","2019-10-21T00:29:00.014Z","vleno","Chrome","paste","https://forms.zoho.com/universityofmelbourne/form/NewRecord","Canales","","","","","INPUT","text","SingleLine","Jorge ","","","","","",""
"15","2019-10-21T00:29:00.233Z","vleno","Chrome","editField","https://forms.zoho.com/universityofmelbourne/form/NewRecord","","","","","","INPUT","text","SingleLine","Jorge Canales","","","","","",""
"15","2019-10-21T00:30:02.803Z","vleno","Chrome","clickButton","https://forms.zoho.com/universityofmelbourne/form/NewRecord","","","","","","BUTTON","submit","","submit","Submit","","","","","\n<em>Submit</em>\n"
"25","2019-10-21T00:41:33.977Z","vleno","Excel","copyCell","","Bradley","StudentRecords.xlsx","Sheet1","A26","","","","","Bradley","","","","","",""
"25","2019-10-21T00:41:35.881Z","vleno","Chrome","paste","https://forms.zoho.com/universityofmelbourne/form/NewRecord","Bradley","","","","","INPUT","text","SingleLine","","","","","","",""
"25","2019-10-21T00:41:36.185Z","vleno","Chrome","editField","https://forms.zoho.com/universityofmelbourne/form/NewRecord","","","","","","INPUT","text","SingleLine","Bradley","","","","","",""
"25","2019-10-21T00:41:38.149Z","vleno","Excel","copyCell","","Stones","StudentRecords.xlsx","Sheet1","B26","","","","","Stones","","","","","",""
"25","2019-10-21T00:41:39.913Z","vleno","Chrome","paste","https://forms.zoho.com/universityofmelbourne/form/NewRecord","Stones","","","","","INPUT","text","SingleLine","Bradley ","","","","","",""
"25","2019-10-21T00:41:40.129Z","vleno","Chrome","editField","https://forms.zoho.com/universityofmelbourne/form/NewRecord","","","","","","INPUT","text","SingleLine","Bradley Stones","","","","","",""
"25","2019-10-21T00:42:34.634Z","vleno","Chrome","clickButton","https://forms.zoho.com/universityofmelbourne/form/NewRecord","","","","","","BUTTON","submit","","submit","Submit","","","","","\n<em>Submit</em>\n"
"35","2019-10-21T00:54:45.109Z","vleno","Excel","copyCell","","Arkady","StudentRecords.xlsx","Sheet1","A36","","","","","Arkady","","","","","",""
"35","2019-10-21T00:54:46.977Z","vleno","Chrome","paste","https://forms.zoho.com/universityofmelbourne/form/NewRecord","Arkady","","","","","INPUT","text","SingleLine","","","","","","",""
"35","2019-10-21T00:54:47.274Z","vleno","Chrome","editField","https://forms.zoho.com/universityofmelbourne/form/NewRecord","","","","","","INPUT","text","SingleLine","Arkady","","","","","",""
"35","2019-10-21T00:54:49.682Z","vleno","Excel","copyCell","","Yuriev","StudentRecords.xlsx","Sheet1","B36","","","","","Yuriev","","","","","",""
"35","2019-10-21T00:54:51.193Z","vleno","Chrome","paste","https://forms.zoho.com/universityofmelbourne/form/NewRecord","Yuriev","","","","","INPUT","text","SingleLine","Arkady ","","","","","",""
"35","2019-10-21T00:54:51.409Z","vleno","Chrome","editField","https://forms.zoho.com/universityofmelbourne/form/NewRecord","","","","","","INPUT","text","SingleLine","Arkady Yuriev","","","","","",""
"35","2019-10-21T00:55:50.004Z","vleno","Chrome","clickButton","https://forms.zoho.com/universityofmelbourne/form/NewRecord","","","","","","BUTTON","submit","","submit","Submit","","","","","\n<em>Submit</em>\n"
"45","2019-10-21T01:07:33.445Z","vleno","Excel","copyCell","","Sofie","StudentRecords.xlsx","Sheet1","A46","","","","","Sofie","","","","","",""
"45","2019-10-21T01:07:35.097Z","vleno","Chrome","paste","https://forms.zoho.com/universityofmelbourne/form/NewRecord","Sofie","","","","","INPUT","text","SingleLine","","","","","","",""
"45","2019-10-21T01:07:35.418Z","vleno","Chrome","editField","https://forms.zoho.com/universityofmelbourne/form/NewRecord","","","","","","INPUT","text","SingleLine","Sofie","","","","","",""
"45","2019-10-21T01:07:37.828Z","vleno","Excel","copyCell","","Kristensen","StudentRecords.xlsx","Sheet1","B46","","","","","Kristensen","","","","","",""
"45","2019-10-21T01:07:39.618Z","vleno","Chrome","paste","https://forms.zoho.com/universityofmelbourne/form/NewRecord","Kristensen","","","","","INPUT","text","SingleLine","Sofie ","","","","","",""
"45","2019-10-21T01:07:39.841Z","vleno","Chrome","editField","https://forms.zoho.com/universityofmelbourne/form/NewRecord","","","","","","INPUT","text","SingleLine","Sofie Kristensen","","","","","",""
"45","2019-10-21T01:08:28.911Z","vleno","Chrome","clickButton","https://forms.zoho.com/universityofmelbourne/form/NewRecord","","","","","","BUTTON","submit","","submit","Submit","","","","","\n<em>Submit</em>\n"
"16","2019-10-21T00:30:09.568Z","vleno","Excel","copyCell","","Sander","StudentRecords.xlsx","Sheet1","A17","","","","","Sander","","","","","",""
"16","2019-10-21T00:30:11.369Z","vleno","Chrome","paste","https://forms.zoho.com/universityofmelbourne/form/NewRecord","Sander","","","","","INPUT","text","SingleLine","","","","","","",""
"16","2019-10-21T00:30:11.689Z","vleno","Chrome","editField","https://forms.zoho.com/universityofmelbourne/form/NewRecord","","","","","","INPUT","text","SingleLine","Sander","","","","","",""
"16","2019-10-21T00:30:14.156Z","vleno","Excel","copyCell","","Van der Berg","StudentRecords.xlsx","Sheet1","B17","","","","","Van der Berg","","","","","",""
"16","2019-10-21T00:30:15.849Z","vleno","Chrome","paste","https://forms.zoho.com/universityofmelbourne/form/NewRecord","Van der Berg","","","","","INPUT","text","SingleLine","Sander ","","","","","",""
"16","2019-10-21T00:30:16.121Z","vleno","Chrome","editField","https://forms.zoho.com/universityofmelbourne/form/NewRecord","","","","","","INPUT","text","SingleLine","Sander Van der Berg","","","","","",""
"16","2019-10-21T00:31:12.608Z","vleno","Chrome","clickButton","https://forms.zoho.com/universityofmelbourne/form/NewRecord","","","","","","BUTTON","submit","","submit","Submit","","","","","\n<em>Submit</em>\n"
"26","2019-10-21T00:42:43.264Z","vleno","Excel","copyCell","","Ben","StudentRecords.xlsx","Sheet1","A27","","","","","Ben","","","","","",""
"26","2019-10-21T00:42:44.889Z","vleno","Chrome","paste","https://forms.zoho.com/universityofmelbourne/form/NewRecord","Ben","","","","","INPUT","text","SingleLine","","","","","","",""
"26","2019-10-21T00:42:45.177Z","vleno","Chrome","editField","https://forms.zoho.com/universityofmelbourne/form/NewRecord","","","","","","INPUT","text","SingleLine","Ben","","","","","",""
"26","2019-10-21T00:42:47.385Z","vleno","Excel","copyCell","","Inglis","StudentRecords.xlsx","Sheet1","B27","","","","","Inglis","","","","","",""
"26","2019-10-21T00:42:49.161Z","vleno","Chrome","paste","https://forms.zoho.com/universityofmelbourne/form/NewRecord","Inglis","","","","","INPUT","text","SingleLine","Ben ","","","","","",""
"26","2019-10-21T00:42:49.529Z","vleno","Chrome","editField","https://forms.zoho.com/universityofmelbourne/form/NewRecord","","","","","","INPUT","text","SingleLine","Ben Inglis","","","","","",""
"26","2019-10-21T00:43:47.095Z","vleno","Chrome","clickButton","https://forms.zoho.com/universityofmelbourne/form/NewRecord","","","","","","BUTTON","submit","","submit","Submit","","","","","\n<em>Submit</em>\n"
"36","2019-10-21T00:56:02.087Z","vleno","Excel","copyCell","","Kristian","StudentRecords.xlsx","Sheet1","A37","","","","","Kristian","","","","","",""
"36","2019-10-21T00:56:03.746Z","vleno","Chrome","paste","https://forms.zoho.com/universityofmelbourne/form/NewRecord","Kristian","","","","","INPUT","text","SingleLine","","","","","","",""
"36","2019-10-21T00:56:04.033Z","vleno","Chrome","editField","https://forms.zoho.com/universityofmelbourne/form/NewRecord","","","","","","INPUT","text","SingleLine","Kristian","","","","","",""
"36","2019-10-21T00:56:14.809Z","vleno","Chrome","editField","https://forms.zoho.com/universityofmelbourne/form/NewRecord","","","","","","INPUT","text","SingleLine","Kristian ","","","","","",""
"36","2019-10-21T00:56:17.385Z","vleno","Excel","copyCell","","Valda","StudentRecords.xlsx","Sheet1","B37","","","","","Valda","","","","","",""
"36","2019-10-21T00:56:19.346Z","vleno","Chrome","paste","https://forms.zoho.com/universityofmelbourne/form/NewRecord","Valda","","","","","INPUT","text","SingleLine","Kristian ","","","","","",""
"36","2019-10-21T00:56:19.609Z","vleno","Chrome","editField","https://forms.zoho.com/universityofmelbourne/form/NewRecord","","","","","","INPUT","text","SingleLine","Kristian Valda","","","","","",""
"36","2019-10-21T00:57:19.294Z","vleno","Chrome","clickButton","https://forms.zoho.com/universityofmelbourne/form/NewRecord","","","","","","BUTTON","submit","","submit","Submit","","","","","\n<em>Submit</em>\n"
"46","2019-10-21T01:08:36.505Z","vleno","Excel","copyCell","","Matias","StudentRecords.xlsx","Sheet1","A47","","","","","Matias","","","","","",""
"46","2019-10-21T01:08:38.241Z","vleno","Chrome","paste","https://forms.zoho.com/universityofmelbourne/form/NewRecord","Matias","","","","","INPUT","text","SingleLine","","","","","","",""
"46","2019-10-21T01:08:38.513Z","vleno","Chrome","editField","https://forms.zoho.com/universityofmelbourne/form/NewRecord","","","","","","INPUT","text","SingleLine","Matias","","","","","",""
"46","2019-10-21T01:08:40.536Z","vleno","Excel","copyCell","","Svendsen","StudentRecords.xlsx","Sheet1","B47","","","","","Svendsen","","","","","",""
"46","2019-10-21T01:08:42.177Z","vleno","Chrome","paste","https://forms.zoho.com/universityofmelbourne/form/NewRecord","Svendsen","","","","","INPUT","text","SingleLine","Matias ","","","","","",""
"46","2019-10-21T01:08:42.385Z","vleno","Chrome","editField","https://forms.zoho.com/universityofmelbourne/form/NewRecord","","","","","","INPUT","text","SingleLine","Matias Svendsen","","","","","",""
"46","2019-10-21T01:09:35.392Z","vleno","Chrome","clickButton","https://forms.zoho.com/universityofmelbourne/form/NewRecord","","","","","","BUTTON","submit","","submit","Submit","","","","","\n<em>Submit</em>\n"
"17","2019-10-21T00:31:22.076Z","vleno","Excel","copyCell","","Jack","StudentRecords.xlsx","Sheet1","A18","","","","","Jack","","","","","",""
"17","2019-10-21T00:31:23.881Z","vleno","Chrome","paste","https://forms.zoho.com/universityofmelbourne/form/NewRecord","Jack","","","","","INPUT","text","SingleLine","","","","","","",""
"17","2019-10-21T00:31:24.721Z","vleno","Chrome","editField","https://forms.zoho.com/universityofmelbourne/form/NewRecord","","","","","","INPUT","text","SingleLine","Jack","","","","","",""
"17","2019-10-21T00:31:26.902Z","vleno","Excel","copyCell","","Brown","StudentRecords.xlsx","Sheet1","B18","","","","","Brown","","","","","",""
"17","2019-10-21T00:31:28.568Z","vleno","Chrome","paste","https://forms.zoho.com/universityofmelbourne/form/NewRecord","Brown","","","","","INPUT","text","SingleLine","Jack ","","","","","",""
"17","2019-10-21T00:31:28.849Z","vleno","Chrome","editField","https://forms.zoho.com/universityofmelbourne/form/NewRecord","","","","","","INPUT","text","SingleLine","Jack Brown","","","","","",""
"17","2019-10-21T00:32:23.240Z","vleno","Chrome","clickButton","https://forms.zoho.com/universityofmelbourne/form/NewRecord","","","","","","BUTTON","submit","","submit","Submit","","","","","\n<em>Submit</em>\n"
"27","2019-10-21T00:43:58.340Z","vleno","Excel","copyCell","","Keito","StudentRecords.xlsx","Sheet1","A28","","","","","Keito","","","","","",""
"27","2019-10-21T00:44:00.171Z","vleno","Chrome","paste","https://forms.zoho.com/universityofmelbourne/form/NewRecord","Keito","","","","","INPUT","text","SingleLine","","","","","","",""
"27","2019-10-21T00:44:00.505Z","vleno","Chrome","editField","https://forms.zoho.com/universityofmelbourne/form/NewRecord","","","","","","INPUT","text","SingleLine","Keito","","","","","",""
"27","2019-10-21T00:44:02.591Z","vleno","Excel","copyCell","","Uchiyama","StudentRecords.xlsx","Sheet1","B28","","","","","Uchiyama","","","","","",""
"27","2019-10-21T00:44:04.176Z","vleno","Chrome","paste","https://forms.zoho.com/universityofmelbourne/form/NewRecord","Uchiyama","","","","","INPUT","text","SingleLine","Keito ","","","","","",""
"27","2019-10-21T00:44:04.457Z","vleno","Chrome","editField","https://forms.zoho.com/universityofmelbourne/form/NewRecord","","","","","","INPUT","text","SingleLine","Keito Uchiyama","","","","","",""
"27","2019-10-21T00:45:16.210Z","vleno","Chrome","clickButton","https://forms.zoho.com/universityofmelbourne/form/NewRecord","","","","","","BUTTON","submit","","submit","Submit","","","","","\n<em>Submit</em>\n"
"37","2019-10-21T00:57:27.475Z","vleno","Excel","copyCell","","Sue","StudentRecords.xlsx","Sheet1","A38","","","","","Sue","","","","","",""
"37","2019-10-21T00:57:29.257Z","vleno","Chrome","paste","https://forms.zoho.com/universityofmelbourne/form/NewRecord","Sue","","","","","INPUT","text","SingleLine","","","","","","",""
"37","2019-10-21T00:57:29.553Z","vleno","Chrome","editField","https://forms.zoho.com/universityofmelbourne/form/NewRecord","","","","","","INPUT","text","SingleLine","Sue","","","","","",""
"37","2019-10-21T00:57:32.815Z","vleno","Excel","copyCell","","Veenman","StudentRecords.xlsx","Sheet1","B38","","","","","Veenman","","","","","",""
"37","2019-10-21T00:57:34.465Z","vleno","Chrome","paste","https://forms.zoho.com/universityofmelbourne/form/NewRecord","Veenman","","","","","INPUT","text","SingleLine","Sue ","","","","","",""
"37","2019-10-21T00:57:34.713Z","vleno","Chrome","editField","https://forms.zoho.com/universityofmelbourne/form/NewRecord","","","","","","INPUT","text","SingleLine","Sue Veenman","","","","","",""
"37","2019-10-21T00:58:29.353Z","vleno","Chrome","clickButton","https://forms.zoho.com/universityofmelbourne/form/NewRecord","","","","","","BUTTON","submit","","submit","Submit","","","","","\n<em>Submit</em>\n"
"47","2019-10-21T01:09:44.017Z","vleno","Excel","copyCell","","Patricia","StudentRecords.xlsx","Sheet1","A48","","","","","Patricia","","","","","",""
"47","2019-10-21T01:09:45.737Z","vleno","Chrome","paste","https://forms.zoho.com/universityofmelbourne/form/NewRecord","Patricia","","","","","INPUT","text","SingleLine","","","","","","",""
"47","2019-10-21T01:09:46.073Z","vleno","Chrome","editField","https://forms.zoho.com/universityofmelbourne/form/NewRecord","","","","","","INPUT","text","SingleLine","Patricia","","","","","",""
"47","2019-10-21T01:09:48.069Z","vleno","Excel","copyCell","","Pinneau","StudentRecords.xlsx","Sheet1","B48","","","","","Pinneau","","","","","",""
"47","2019-10-21T01:09:49.891Z","vleno","Chrome","paste","https://forms.zoho.com/universityofmelbourne/form/NewRecord","Pinneau","","","","","INPUT","text","SingleLine","Patricia ","","","","","",""
"47","2019-10-21T01:09:50.193Z","vleno","Chrome","editField","https://forms.zoho.com/universityofmelbourne/form/NewRecord","","","","","","INPUT","text","SingleLine","Patricia Pinneau","","","","","",""
"47","2019-10-21T01:10:42.989Z","vleno","Chrome","clickButton","https://forms.zoho.com/universityofmelbourne/form/NewRecord","","","","","","BUTTON","submit","","submit","Submit","","","","","\n<em>Submit</em>\n"
"18","2019-10-21T00:32:34.385Z","vleno","Excel","copyCell","","Cristina","StudentRecords.xlsx","Sheet1","A19","","","","","Cristina","","","","","",""
"18","2019-10-21T00:32:37.274Z","vleno","Chrome","paste","https://forms.zoho.com/universityofmelbourne/form/NewRecord","Cristina","","","","","INPUT","text","SingleLine","","","","","","",""
"18","2019-10-21T00:32:37.746Z","vleno","Chrome","editField","https://forms.zoho.com/universityofmelbourne/form/NewRecord","","","","","","INPUT","text","SingleLine","Cristina","","","","","",""
"18","2019-10-21T00:32:42.140Z","vleno","Excel","copyCell","","Esposito","StudentRecords.xlsx","Sheet1","B19","","","","","Esposito","","","","","",""
"18","2019-10-21T00:32:44.303Z","vleno","Chrome","paste","https://forms.zoho.com/universityofmelbourne/form/NewRecord","Esposito","","","","","INPUT","text","SingleLine","Cristina ","","","","","",""
"18","2019-10-21T00:32:44.649Z","vleno","Chrome","editField","https://forms.zoho.com/universityofmelbourne/form/NewRecord","","","","","","INPUT","text","SingleLine","Cristina Esposito","","","","","",""
"18","2019-10-21T00:33:41.136Z","vleno","Chrome","clickButton","https://forms.zoho.com/universityofmelbourne/form/NewRecord","","","","","","BUTTON","submit","","submit","Submit","","","","","\n<em>Submit</em>\n"
"28","2019-10-21T00:45:25.086Z","vleno","Excel","copyCell","","Andrej","StudentRecords.xlsx","Sheet1","A29","","","","","Andrej","","","","","",""
"28","2019-10-21T00:45:26.881Z","vleno","Chrome","paste","https://forms.zoho.com/universityofmelbourne/form/NewRecord","Andrej","","","","","INPUT","text","SingleLine","","","","","","",""
"28","2019-10-21T00:45:27.161Z","vleno","Chrome","editField","https://forms.zoho.com/universityofmelbourne/form/NewRecord","","","","","","INPUT","text","SingleLine","Andrej","","","","","",""
"28","2019-10-21T00:45:29.144Z","vleno","Excel","copyCell","","Ivanovic","StudentRecords.xlsx","Sheet1","B29","","","","","Ivanovic","","","","","",""
"28","2019-10-21T00:45:31.417Z","vleno","Chrome","paste","https://forms.zoho.com/universityofmelbourne/form/NewRecord","Ivanovic","","","","","INPUT","text","SingleLine","Andrej ","","","","","",""
"28","2019-10-21T00:45:31.657Z","vleno","Chrome","editField","https://forms.zoho.com/universityofmelbourne/form/NewRecord","","","","","","INPUT","text","SingleLine","Andrej Ivanovic","","","","","",""
"28","2019-10-21T00:46:26.886Z","vleno","Chrome","clickButton","https://forms.zoho.com/universityofmelbourne/form/NewRecord","","","","","","BUTTON","submit","","submit","Submit","","","","","\n<em>Submit</em>\n"
"38","2019-10-21T00:58:36.050Z","vleno","Excel","copyCell","","Alex","StudentRecords.xlsx","Sheet1","A39","","","","","Alex","","","","","",""
"38","2019-10-21T00:58:37.913Z","vleno","Chrome","paste","https://forms.zoho.com/universityofmelbourne/form/NewRecord","Alex","","","","","INPUT","text","SingleLine","","","","","","",""
"38","2019-10-21T00:58:38.225Z","vleno","Chrome","editField","https://forms.zoho.com/universityofmelbourne/form/NewRecord","","","","","","INPUT","text","SingleLine","Alex","","","","","",""
"38","2019-10-21T00:58:40.711Z","vleno","Excel","copyCell","","Bradshaw","StudentRecords.xlsx","Sheet1","B39","","","","","Bradshaw","","","","","",""
"38","2019-10-21T00:58:42.521Z","vleno","Chrome","paste","https://forms.zoho.com/universityofmelbourne/form/NewRecord","Bradshaw","","","","","INPUT","text","SingleLine","Alex ","","","","","",""
"38","2019-10-21T00:58:42.785Z","vleno","Chrome","editField","https://forms.zoho.com/universityofmelbourne/form/NewRecord","","","","","","INPUT","text","SingleLine","Alex Bradshaw","","","","","",""
"38","2019-10-21T00:59:36.390Z","vleno","Chrome","clickButton","https://forms.zoho.com/universityofmelbourne/form/NewRecord","","","","","","BUTTON","submit","","submit","Submit","","","","","\n<em>Submit</em>\n"
"48","2019-10-21T01:10:50.840Z","vleno","Excel","copyCell","","Adalberto","StudentRecords.xlsx","Sheet1","A49","","","","","Adalberto","","","","","",""
"48","2019-10-21T01:10:52.457Z","vleno","Chrome","paste","https://forms.zoho.com/universityofmelbourne/form/NewRecord","Adalberto","","","","","INPUT","text","SingleLine","","","","","","",""
"48","2019-10-21T01:10:52.746Z","vleno","Chrome","editField","https://forms.zoho.com/universityofmelbourne/form/NewRecord","","","","","","INPUT","text","SingleLine","Adalberto","","","","","",""
"48","2019-10-21T01:10:54.783Z","vleno","Excel","copyCell","","Milanesi","StudentRecords.xlsx","Sheet1","B49","","","","","Milanesi","","","","","",""
"48","2019-10-21T01:10:56.945Z","vleno","Chrome","paste","https://forms.zoho.com/universityofmelbourne/form/NewRecord","Milanesi","","","","","INPUT","text","SingleLine","Adalberto ","","","","","",""
"48","2019-10-21T01:10:57.257Z","vleno","Chrome","editField","https://forms.zoho.com/universityofmelbourne/form/NewRecord","","","","","","INPUT","text","SingleLine","Adalberto Milanesi","","","","","",""
"48","2019-10-21T01:11:52.221Z","vleno","Chrome","clickButton","https://forms.zoho.com/universityofmelbourne/form/NewRecord","","","","","","BUTTON","submit","","submit","Submit","","","","","\n<em>Submit</em>\n"
"19","2019-10-21T00:33:46.324Z","vleno","Excel","copyCell","","Amelia","StudentRecords.xlsx","Sheet1","A20","","","","","Amelia","","","","","",""
"19","2019-10-21T00:33:49.960Z","vleno","Chrome","paste","https://forms.zoho.com/universityofmelbourne/form/NewRecord","Amelia","","","","","INPUT","text","SingleLine","","","","","","",""
"19","2019-10-21T00:33:50.312Z","vleno","Chrome","editField","https://forms.zoho.com/universityofmelbourne/form/NewRecord","","","","","","INPUT","text","SingleLine","Amelia","","","","","",""
"19","2019-10-21T00:33:52.810Z","vleno","Excel","copyCell","","Wilson","StudentRecords.xlsx","Sheet1","B20","","","","","Wilson","","","","","",""
"19","2019-10-21T00:33:54.672Z","vleno","Chrome","paste","https://forms.zoho.com/universityofmelbourne/form/NewRecord","Wilson","","","","","INPUT","text","SingleLine","Amelia ","","","","","",""
"19","2019-10-21T00:33:54.913Z","vleno","Chrome","editField","https://forms.zoho.com/universityofmelbourne/form/NewRecord","","","","","","INPUT","text","SingleLine","Amelia Wilson","","","","","",""
"19","2019-10-21T00:34:55.684Z","vleno","Chrome","clickButton","https://forms.zoho.com/universityofmelbourne/form/NewRecord","","","","","","BUTTON","submit","","submit","Submit","","","","","\n<em>Submit</em>\n"
"29","2019-10-21T00:46:38.073Z","vleno","Excel","copyCell","","Zhi","StudentRecords.xlsx","Sheet1","A30","","","","","Zhi","","","","","",""
"29","2019-10-21T00:46:39.735Z","vleno","Chrome","paste","https://forms.zoho.com/universityofmelbourne/form/NewRecord","Zhi","","","","","INPUT","text","SingleLine","","","","","","",""
"29","2019-10-21T00:46:40.001Z","vleno","Chrome","editField","https://forms.zoho.com/universityofmelbourne/form/NewRecord","","","","","","INPUT","text","SingleLine","Zhi","","","","","",""
"29","2019-10-21T00:46:42.448Z","vleno","Excel","copyCell","","Kung","StudentRecords.xlsx","Sheet1","B30","","","","","Kung","","","","","",""
"29","2019-10-21T00:46:44.243Z","vleno","Chrome","paste","https://forms.zoho.com/universityofmelbourne/form/NewRecord","Kung","","","","","INPUT","text","SingleLine","Zhi ","","","","","",""
"29","2019-10-21T00:46:44.507Z","vleno","Chrome","editField","https://forms.zoho.com/universityofmelbourne/form/NewRecord","","","","","","INPUT","text","SingleLine","Zhi Kung","","","","","",""
"29","2019-10-21T00:47:44.825Z","vleno","Chrome","clickButton","https://forms.zoho.com/universityofmelbourne/form/NewRecord","","","","","","BUTTON","submit","","submit","Submit","","","","","\n<em>Submit</em>\n"
"39","2019-10-21T00:59:44.313Z","vleno","Excel","copyCell","","Ben","StudentRecords.xlsx","Sheet1","A40","","","","","Ben","","","","","",""
"39","2019-10-21T00:59:46.001Z","vleno","Chrome","paste","https://forms.zoho.com/universityofmelbourne/form/NewRecord","Ben","","","","","INPUT","text","SingleLine","","","","","","",""
"39","2019-10-21T00:59:46.561Z","vleno","Chrome","editField","https://forms.zoho.com/universityofmelbourne/form/NewRecord","","","","","","INPUT","text","SingleLine","Ben","","","","","",""
"39","2019-10-21T00:59:49.018Z","vleno","Excel","copyCell","","Stanley","StudentRecords.xlsx","Sheet1","B40","","","","","Stanley","","","","","",""
"39","2019-10-21T00:59:50.537Z","vleno","Chrome","paste","https://forms.zoho.com/universityofmelbourne/form/NewRecord","Stanley","","","","","INPUT","text","SingleLine","Ben ","","","","","",""
"39","2019-10-21T00:59:50.825Z","vleno","Chrome","editField","https://forms.zoho.com/universityofmelbourne/form/NewRecord","","","","","","INPUT","text","SingleLine","Ben Stanley","","","","","",""
"39","2019-10-21T01:00:46.864Z","vleno","Chrome","clickButton","https://forms.zoho.com/universityofmelbourne/form/NewRecord","","","","","","BUTTON","submit","","submit","Submit","","","","","\n<em>Submit</em>\n"
"49","2019-10-21T01:12:00.058Z","vleno","Excel","copyCell","","Lucca","StudentRecords.xlsx","Sheet1","A50","","","","","Lucca","","","","","",""
"49","2019-10-21T01:12:01.608Z","vleno","Chrome","paste","https://forms.zoho.com/universityofmelbourne/form/NewRecord","Lucca","","","","","INPUT","text","SingleLine","","","","","","",""
"49","2019-10-21T01:12:01.889Z","vleno","Chrome","editField","https://forms.zoho.com/universityofmelbourne/form/NewRecord","","","","","","INPUT","text","SingleLine","Lucca","","","","","",""
"49","2019-10-21T01:12:04.391Z","vleno","Excel","copyCell","","Bianchi","StudentRecords.xlsx","Sheet1","B50","","","","","Bianchi","","","","","",""
"49","2019-10-21T01:12:06.160Z","vleno","Chrome","paste","https://forms.zoho.com/universityofmelbourne/form/NewRecord","Bianchi","","","","","INPUT","text","SingleLine","Lucca ","","","","","",""
"49","2019-10-21T01:12:06.409Z","vleno","Chrome","editField","https://forms.zoho.com/universityofmelbourne/form/NewRecord","","","","","","INPUT","text","SingleLine","Lucca Bianchi","","","","","",""
"49","2019-10-21T01:13:01.465Z","vleno","Chrome","clickButton","https://forms.zoho.com/universityofmelbourne/form/NewRecord","","","","","","BUTTON","submit","","submit","Submit","","","","","\n<em>Submit</em>\n"
