"caseID","timeStamp","userID","targetApp","eventType","url","content","target.workbookName","target.sheetName","target.id","target.class","target.tagName","target.type","target.name","target.value","target.innerText","target.checked","target.href","target.option","target.title","target.innerHTML"
"1","2019-10-21T00:10:48.760Z","vleno","Excel","copyCell","","jdoe@gmail.com","StudentRecords.xlsx","Sheet1","E2","","","","","jdoe@gmail.com","","","","","",""
"1","2019-10-21T00:10:51.008Z","vleno","Chrome","paste","https://forms.zoho.com/universityofmelbourne/form/NewRecord","jdoe@gmail.com","","","","","INPUT","text","Email","","","","","","",""
"1","2019-10-21T00:10:51.545Z","vleno","Chrome","editField","https://forms.zoho.com/universityofmelbourne/form/NewRecord","","","","","","INPUT","text","Email","jdoe@gmail.com","","","","","",""
"1","2019-10-21T00:11:37.513Z","vleno","Chrome","clickButton","https://forms.zoho.com/universityofmelbourne/form/NewRecord","","","","","","BUTTON","submit","","submit","Submit","","","","","\n<em>Submit</em>\n"
"2","2019-10-21T00:12:44.394Z","vleno","Excel","copyCell","","arauf@gmail.com","StudentRecords.xlsx","Sheet1","E3","","","","","arauf@gmail.com","","","","","",""
"2","2019-10-21T00:12:50.408Z","vleno","Chrome","paste","https://forms.zoho.com/universityofmelbourne/form/NewRecord","arauf@gmail.com","","","","","INPUT","text","Email","","","","","","",""
"2","2019-10-21T00:12:50.889Z","vleno","Chrome","editField","https://forms.zoho.com/universityofmelbourne/form/NewRecord","","","","","","INPUT","text","Email","arauf@gmail.com","","","","","",""
"2","2019-10-21T00:13:29.824Z","vleno","Chrome","clickButton","https://forms.zoho.com/universityofmelbourne/form/NewRecord","","","","","","BUTTON","submit","","submit","Submit","","","","","\n<em>Submit</em>\n"
"3","2019-10-21T00:14:58.962Z","vleno","Excel","copyCell","","srichards@gmail.com","StudentRecords.xlsx","Sheet1","E4","","","","","srichards@gmail.com","","","","","",""
"3","2019-10-21T00:15:00.776Z","vleno","Chrome","paste","https://forms.zoho.com/universityofmelbourne/form/NewRecord","srichards@gmail.com","","","","","INPUT","text","Email","","","","","","",""
"3","2019-10-21T00:15:01.145Z","vleno","Chrome","editField","https://forms.zoho.com/universityofmelbourne/form/NewRecord","","","","","","INPUT","text","Email","srichards@gmail.com","","","","","",""
"3","2019-10-21T00:15:07.071Z","vleno","Chrome","clickButton","https://forms.zoho.com/universityofmelbourne/form/NewRecord","","","","","","BUTTON","submit","","submit","Submit","","","","","\n<em>Submit</em>\n"
"4","2019-10-21T00:15:42.908Z","vleno","Excel","copyCell","","gdubois@gmail.com","StudentRecords.xlsx","Sheet1","E5","","","","","gdubois@gmail.com","","","","","",""
"4","2019-10-21T00:15:46.641Z","vleno","Chrome","paste","https://forms.zoho.com/universityofmelbourne/form/NewRecord","gdubois@gmail.com","","","","","INPUT","text","Email","","","","","","",""
"4","2019-10-21T00:15:47.042Z","vleno","Chrome","editField","https://forms.zoho.com/universityofmelbourne/form/NewRecord","","","","","","INPUT","text","Email","gdubois@gmail.com","","","","","",""
"4","2019-10-21T00:16:25.322Z","vleno","Chrome","clickButton","https://forms.zoho.com/universityofmelbourne/form/NewRecord","","","","","","BUTTON","submit","","submit","Submit","","","","","\n<em>Submit</em>\n"
"5","2019-10-21T00:16:59.233Z","vleno","Excel","copyCell","","abacker@gmail.com","StudentRecords.xlsx","Sheet1","E6","","","","","abacker@gmail.com","","","","","",""
"5","2019-10-21T00:17:01.282Z","vleno","Chrome","paste","https://forms.zoho.com/universityofmelbourne/form/NewRecord","abacker@gmail.com","","","","","INPUT","text","Email","","","","","","",""
"5","2019-10-21T00:17:01.619Z","vleno","Chrome","editField","https://forms.zoho.com/universityofmelbourne/form/NewRecord","","","","","","INPUT","text","Email","abacker@gmail.com","","","","","",""
"5","2019-10-21T00:17:40.080Z","vleno","Chrome","clickButton","https://forms.zoho.com/universityofmelbourne/form/NewRecord","","","","","","BUTTON","submit","","submit","Submit","","","","","\n<em>Submit</em>\n"
"6","2019-10-21T00:18:18.154Z","vleno","Excel","copyCell","","cgustafsson@gmail.com","StudentRecords.xlsx","Sheet1","E7","","","","","cgustafsson@gmail.com","","","","","",""
"6","2019-10-21T00:18:19.776Z","vleno","Chrome","paste","https://forms.zoho.com/universityofmelbourne/form/NewRecord","cgustafsson@gmail.com","","","","","INPUT","text","Email","","","","","","",""
"6","2019-10-21T00:18:20.073Z","vleno","Chrome","editField","https://forms.zoho.com/universityofmelbourne/form/NewRecord","","","","","","INPUT","text","Email","cgustafsson@gmail.com","","","","","",""
"6","2019-10-21T00:18:53.930Z","vleno","Chrome","clickButton","https://forms.zoho.com/universityofmelbourne/form/NewRecord","","","","","","BUTTON","submit","","submit","Submit","","","","","\n<em>Submit</em>\n"
"7","2019-10-21T00:19:25.951Z","vleno","Excel","copyCell","","sjohnson@gmail.com","StudentRecords.xlsx","Sheet1","E8","","","","","sjohnson@gmail.com","","","","","",""
"7","2019-10-21T00:19:29.049Z","vleno","Chrome","paste","https://forms.zoho.com/universityofmelbourne/form/NewRecord","sjohnson@gmail.com","","","","","INPUT","text","Email","","","","","","",""
"7","2019-10-21T00:19:29.442Z","vleno","Chrome","editField","https://forms.zoho.com/universityofmelbourne/form/NewRecord","","","","","","INPUT","text","Email","sjohnson@gmail.com","","","","","",""
"7","2019-10-21T00:20:04.147Z","vleno","Chrome","clickButton","https://forms.zoho.com/universityofmelbourne/form/NewRecord","","","","","","BUTTON","submit","","submit","Submit","","","","","\n<em>Submit</em>\n"
"8","2019-10-21T00:20:37.819Z","vleno","Excel","copyCell","","abolzano@gmail.com","StudentRecords.xlsx","Sheet1","E9","","","","","abolzano@gmail.com","","","","","",""
"8","2019-10-21T00:20:39.953Z","vleno","Chrome","paste","https://forms.zoho.com/universityofmelbourne/form/NewRecord","abolzano@gmail.com","","","","","INPUT","text","Email","","","","","","",""
"8","2019-10-21T00:20:40.362Z","vleno","Chrome","editField","https://forms.zoho.com/universityofmelbourne/form/NewRecord","","","","","","INPUT","text","Email","abolzano@gmail.com","","","","","",""
"8","2019-10-21T00:21:17.165Z","vleno","Chrome","clickButton","https://forms.zoho.com/universityofmelbourne/form/NewRecord","","","","","","BUTTON","submit","","submit","Submit","","","","","\n<em>Submit</em>\n"
"9","2019-10-21T00:21:53.525Z","vleno","Excel","copyCell","","hdietmeier@gmail.com","StudentRecords.xlsx","Sheet1","E10","","","","","hdietmeier@gmail.com","","","","","",""
"9","2019-10-21T00:21:56.201Z","vleno","Chrome","paste","https://forms.zoho.com/universityofmelbourne/form/NewRecord","hdietmeier@gmail.com","","","","","INPUT","text","Email","","","","","","",""
"9","2019-10-21T00:21:56.976Z","vleno","Chrome","editField","https://forms.zoho.com/universityofmelbourne/form/NewRecord","","","","","","INPUT","text","Email","hdietmeier@gmail.com","","","","","",""
"9","2019-10-21T00:22:44.002Z","vleno","Chrome","clickButton","https://forms.zoho.com/universityofmelbourne/form/NewRecord","","","","","","BUTTON","submit","","submit","Submit","","","","","\n<em>Submit</em>\n"
"10","2019-10-21T00:23:15.957Z","vleno","Excel","copyCell","","ihonchar@gmail.com","StudentRecords.xlsx","Sheet1","E11","","","","","ihonchar@gmail.com","","","","","",""
"10","2019-10-21T00:23:21.769Z","vleno","Chrome","paste","https://forms.zoho.com/universityofmelbourne/form/NewRecord","ihonchar@gmail.com","","","","","INPUT","text","Email","","","","","","",""
"10","2019-10-21T00:23:22.466Z","vleno","Chrome","editField","https://forms.zoho.com/universityofmelbourne/form/NewRecord","","","","","","INPUT","text","Email","ihonchar@gmail.com","","","","","",""
"10","2019-10-21T00:24:03.341Z","vleno","Chrome","clickButton","https://forms.zoho.com/universityofmelbourne/form/NewRecord","","","","","","BUTTON","submit","","submit","Submit","","","","","\n<em>Submit</em>\n"
"20","2019-10-21T00:35:28.200Z","vleno","Excel","copyCell","","anickolson@gmail.com","StudentRecords.xlsx","Sheet1","E21","","","","","anickolson@gmail.com","","","","","",""
"20","2019-10-21T00:35:29.745Z","vleno","Chrome","paste","https://forms.zoho.com/universityofmelbourne/form/NewRecord","anickolson@gmail.com","","","","","INPUT","text","Email","","","","","","",""
"20","2019-10-21T00:35:30.018Z","vleno","Chrome","editField","https://forms.zoho.com/universityofmelbourne/form/NewRecord","","","","","","INPUT","text","Email","anickolson@gmail.com","","","","","",""
"20","2019-10-21T00:36:01.106Z","vleno","Chrome","clickButton","https://forms.zoho.com/universityofmelbourne/form/NewRecord","","","","","","BUTTON","submit","","submit","Submit","","","","","\n<em>Submit</em>\n"
"30","2019-10-21T00:48:17.098Z","vleno","Excel","copyCell","","clin@gmail.com","StudentRecords.xlsx","Sheet1","E31","","","","","clin@gmail.com","","","","","",""
"30","2019-10-21T00:48:18.569Z","vleno","Chrome","paste","https://forms.zoho.com/universityofmelbourne/form/NewRecord","clin@gmail.com","","","","","INPUT","text","Email","","","","","","",""
"30","2019-10-21T00:48:18.825Z","vleno","Chrome","editField","https://forms.zoho.com/universityofmelbourne/form/NewRecord","","","","","","INPUT","text","Email","clin@gmail.com","","","","","",""
"30","2019-10-21T00:48:59.622Z","vleno","Chrome","clickButton","https://forms.zoho.com/universityofmelbourne/form/NewRecord","","","","","","BUTTON","submit","","submit","Submit","","","","","\n<em>Submit</em>\n"
"40","2019-10-21T01:01:21.979Z","vleno","Excel","copyCell","","rlampen@gmail.com","StudentRecords.xlsx","Sheet1","E41","","","","","rlampen@gmail.com","","","","","",""
"40","2019-10-21T01:01:24.730Z","vleno","Chrome","paste","https://forms.zoho.com/universityofmelbourne/form/NewRecord","rlampen@gmail.com","","","","","INPUT","text","Email","","","","","","",""
"40","2019-10-21T01:01:25.042Z","vleno","Chrome","editField","https://forms.zoho.com/universityofmelbourne/form/NewRecord","","","","","","INPUT","text","Email","rlampen@gmail.com","","","","","",""
"40","2019-10-21T01:02:20.728Z","vleno","Chrome","clickButton","https://forms.zoho.com/universityofmelbourne/form/NewRecord","","","","","","BUTTON","submit","","submit","Submit","","","","","\n<em>Submit</em>\n"
"50","2019-10-21T01:13:35.728Z","vleno","Excel","copyCell","","lmichalska@gmail.com","StudentRecords.xlsx","Sheet1","E51","","","","","lmichalska@gmail.com","","","","","",""
"50","2019-10-21T01:13:37.201Z","vleno","Chrome","paste","https://forms.zoho.com/universityofmelbourne/form/NewRecord","lmichalska@gmail.com","","","","","INPUT","text","Email","","","","","","",""
"50","2019-10-21T01:13:37.458Z","vleno","Chrome","editField","https://forms.zoho.com/universityofmelbourne/form/NewRecord","","","","","","INPUT","text","Email","lmichalska@gmail.com","","","","","",""
"50","2019-10-21T01:14:16.018Z","vleno","Chrome","clickButton","https://forms.zoho.com/universityofmelbourne/form/NewRecord","","","","","","BUTTON","submit","","submit","Submit","","","","","\n<em>Submit</em>\n"
"11","2019-10-21T00:24:39.424Z","vleno","Excel","copyCell","","odunkan@gmail.com","StudentRecords.xlsx","Sheet1","E12","","","","","odunkan@gmail.com","","","","","",""
"11","2019-10-21T00:24:41.385Z","vleno","Chrome","paste","https://forms.zoho.com/universityofmelbourne/form/NewRecord","odunkan@gmail.com","","","","","INPUT","text","Email","","","","","","",""
"11","2019-10-21T00:24:41.667Z","vleno","Chrome","editField","https://forms.zoho.com/universityofmelbourne/form/NewRecord","","","","","","INPUT","text","Email","odunkan@gmail.com","","","","","",""
"11","2019-10-21T00:25:20.367Z","vleno","Chrome","clickButton","https://forms.zoho.com/universityofmelbourne/form/NewRecord","","","","","","BUTTON","submit","","submit","Submit","","","","","\n<em>Submit</em>\n"
"21","2019-10-21T00:36:39.706Z","vleno","Excel","copyCell","","agomez@gmail.com","StudentRecords.xlsx","Sheet1","E22","","","","","agomez@gmail.com","","","","","",""
"21","2019-10-21T00:36:48.147Z","vleno","Chrome","paste","https://forms.zoho.com/universityofmelbourne/form/NewRecord","agomez@gmail.com","","","","","INPUT","text","Email","","","","","","",""
"21","2019-10-21T00:36:48.410Z","vleno","Chrome","editField","https://forms.zoho.com/universityofmelbourne/form/NewRecord","","","","","","INPUT","text","Email","agomez@gmail.com","","","","","",""
"21","2019-10-21T00:37:21.355Z","vleno","Chrome","clickButton","https://forms.zoho.com/universityofmelbourne/form/NewRecord","","","","","","BUTTON","submit","","submit","Submit","","","","","\n<em>Submit</em>\n"
"31","2019-10-21T00:49:38.072Z","vleno","Excel","copyCell","","chsu@gmail.com","StudentRecords.xlsx","Sheet1","E32","","","","","chsu@gmail.com","","","","","",""
"31","2019-10-21T00:49:39.897Z","vleno","Chrome","paste","https://forms.zoho.com/universityofmelbourne/form/NewRecord","chsu@gmail.com","","","","","INPUT","text","Email","","","","","","",""
"31","2019-10-21T00:49:40.161Z","vleno","Chrome","editField","https://forms.zoho.com/universityofmelbourne/form/NewRecord","","","","","","INPUT","text","Email","chsu@gmail.com","","","","","",""
"31","2019-10-21T00:50:15.585Z","vleno","Chrome","clickButton","https://forms.zoho.com/universityofmelbourne/form/NewRecord","","","","","","BUTTON","submit","","submit","Submit","","","","","\n<em>Submit</em>\n"
"41","2019-10-21T01:03:00.714Z","vleno","Excel","copyCell","","jhanski@gmail.com","StudentRecords.xlsx","Sheet1","E42","","","","","jhanski@gmail.com","","","","","",""
"41","2019-10-21T01:03:02.281Z","vleno","Chrome","paste","https://forms.zoho.com/universityofmelbourne/form/NewRecord","jhanski@gmail.com","","","","","INPUT","text","Email","","","","","","",""
"41","2019-10-21T01:03:02.546Z","vleno","Chrome","editField","https://forms.zoho.com/universityofmelbourne/form/NewRecord","","","","","","INPUT","text","Email","jhanski@gmail.com","","","","","",""
"41","2019-10-21T01:03:40.080Z","vleno","Chrome","clickButton","https://forms.zoho.com/universityofmelbourne/form/NewRecord","","","","","","BUTTON","submit","","submit","Submit","","","","","\n<em>Submit</em>\n"
"12","2019-10-21T00:25:54.445Z","vleno","Excel","copyCell","","tklint@gmail.com","StudentRecords.xlsx","Sheet1","E13","","","","","tklint@gmail.com","","","","","",""
"12","2019-10-21T00:25:56.722Z","vleno","Chrome","paste","https://forms.zoho.com/universityofmelbourne/form/NewRecord","tklint@gmail.com","","","","","INPUT","text","Email","","","","","","",""
"12","2019-10-21T00:25:56.961Z","vleno","Chrome","editField","https://forms.zoho.com/universityofmelbourne/form/NewRecord","","","","","","INPUT","text","Email","tklint@gmail.com","","","","","",""
"12","2019-10-21T00:26:31.472Z","vleno","Chrome","clickButton","https://forms.zoho.com/universityofmelbourne/form/NewRecord","","","","","","BUTTON","submit","","submit","Submit","","","","","\n<em>Submit</em>\n"
"22","2019-10-21T00:38:06.853Z","vleno","Excel","copyCell","","scooper@gmail.com","StudentRecords.xlsx","Sheet1","E23","","","","","scooper@gmail.com","","","","","",""
"22","2019-10-21T00:38:08.273Z","vleno","Chrome","paste","https://forms.zoho.com/universityofmelbourne/form/NewRecord","scooper@gmail.com","","","","","INPUT","text","Email","","","","","","",""
"22","2019-10-21T00:38:08.545Z","vleno","Chrome","editField","https://forms.zoho.com/universityofmelbourne/form/NewRecord","","","","","","INPUT","text","Email","scooper@gmail.com","","","","","",""
"22","2019-10-21T00:38:43.467Z","vleno","Chrome","clickButton","https://forms.zoho.com/universityofmelbourne/form/NewRecord","","","","","","BUTTON","submit","","submit","Submit","","","","","\n<em>Submit</em>\n"
"32","2019-10-21T00:50:49.086Z","vleno","Excel","copyCell","","atsao@gmail.com","StudentRecords.xlsx","Sheet1","E33","","","","","atsao@gmail.com","","","","","",""
"32","2019-10-21T00:50:50.594Z","vleno","Chrome","paste","https://forms.zoho.com/universityofmelbourne/form/NewRecord","atsao@gmail.com","","","","","INPUT","text","Email","","","","","","",""
"32","2019-10-21T00:50:50.849Z","vleno","Chrome","editField","https://forms.zoho.com/universityofmelbourne/form/NewRecord","","","","","","INPUT","text","Email","atsao@gmail.com","","","","","",""
"32","2019-10-21T00:51:25.403Z","vleno","Chrome","clickButton","https://forms.zoho.com/universityofmelbourne/form/NewRecord","","","","","","BUTTON","submit","","submit","Submit","","","","","\n<em>Submit</em>\n"
"42","2019-10-21T01:04:14.097Z","vleno","Excel","copyCell","","hoszkar@gmail.com","StudentRecords.xlsx","Sheet1","E43","","","","","hoszkar@gmail.com","","","","","",""
"42","2019-10-21T01:04:19.168Z","vleno","Chrome","paste","https://forms.zoho.com/universityofmelbourne/form/NewRecord","hoszkar@gmail.com","","","","","INPUT","text","Email","","","","","","",""
"42","2019-10-21T01:04:19.505Z","vleno","Chrome","editField","https://forms.zoho.com/universityofmelbourne/form/NewRecord","","","","","","INPUT","text","Email","hoszkar@gmail.com","","","","","",""
"42","2019-10-21T01:05:05.297Z","vleno","Chrome","clickButton","https://forms.zoho.com/universityofmelbourne/form/NewRecord","","","","","","BUTTON","submit","","submit","Submit","","","","","\n<em>Submit</em>\n"
"13","2019-10-21T00:27:04.578Z","vleno","Excel","copyCell","","vleno@gmail.com","StudentRecords.xlsx","Sheet1","E14","","","","","vleno@gmail.com","","","","","",""
"13","2019-10-21T00:27:06.953Z","vleno","Chrome","paste","https://forms.zoho.com/universityofmelbourne/form/NewRecord","vleno@gmail.com","","","","","INPUT","text","Email","","","","","","",""
"13","2019-10-21T00:27:07.297Z","vleno","Chrome","editField","https://forms.zoho.com/universityofmelbourne/form/NewRecord","","","","","","INPUT","text","Email","vleno@gmail.com","","","","","",""
"13","2019-10-21T00:27:41.195Z","vleno","Chrome","clickButton","https://forms.zoho.com/universityofmelbourne/form/NewRecord","","","","","","BUTTON","submit","","submit","Submit","","","","","\n<em>Submit</em>\n"
"23","2019-10-21T00:39:18.208Z","vleno","Excel","copyCell","","omykolenchuk@gmail.com","StudentRecords.xlsx","Sheet1","E24","","","","","omykolenchuk@gmail.com","","","","","",""
"23","2019-10-21T00:39:21.953Z","vleno","Chrome","paste","https://forms.zoho.com/universityofmelbourne/form/NewRecord","omykolenchuk@gmail.com","","","","","INPUT","text","Email","","","","","","",""
"23","2019-10-21T00:39:22.266Z","vleno","Chrome","editField","https://forms.zoho.com/universityofmelbourne/form/NewRecord","","","","","","INPUT","text","Email","omykolenchuk@gmail.com","","","","","",""
"23","2019-10-21T00:40:09.069Z","vleno","Chrome","clickButton","https://forms.zoho.com/universityofmelbourne/form/NewRecord","","","","","","BUTTON","submit","","submit","Submit","","","","","\n<em>Submit</em>\n"
"33","2019-10-21T00:51:58.691Z","vleno","Excel","copyCell","","dwu@gmail.com","StudentRecords.xlsx","Sheet1","E34","","","","","dwu@gmail.com","","","","","",""
"33","2019-10-21T00:52:00.649Z","vleno","Chrome","paste","https://forms.zoho.com/universityofmelbourne/form/NewRecord","dwu@gmail.com","","","","","INPUT","text","Email","","","","","","",""
"33","2019-10-21T00:52:00.905Z","vleno","Chrome","editField","https://forms.zoho.com/universityofmelbourne/form/NewRecord","","","","","","INPUT","text","Email","dwu@gmail.com","","","","","",""
"33","2019-10-21T00:52:33.458Z","vleno","Chrome","clickButton","https://forms.zoho.com/universityofmelbourne/form/NewRecord","","","","","","BUTTON","submit","","submit","Submit","","","","","\n<em>Submit</em>\n"
"43","2019-10-21T01:05:40.305Z","vleno","Excel","copyCell","","hdiggle@gmail.com","StudentRecords.xlsx","Sheet1","E44","","","","","hdiggle@gmail.com","","","","","",""
"43","2019-10-21T01:05:43.473Z","vleno","Chrome","paste","https://forms.zoho.com/universityofmelbourne/form/NewRecord","hdiggle@gmail.com","","","","","INPUT","text","Email","","","","","","",""
"43","2019-10-21T01:05:43.906Z","vleno","Chrome","editField","https://forms.zoho.com/universityofmelbourne/form/NewRecord","","","","","","INPUT","text","Email","hdiggle@gmail.com","","","","","",""
"43","2019-10-21T01:06:15.953Z","vleno","Chrome","clickButton","https://forms.zoho.com/universityofmelbourne/form/NewRecord","","","","","","BUTTON","submit","","submit","Submit","","","","","\n<em>Submit</em>\n"
"14","2019-10-21T00:28:12.795Z","vleno","Excel","copyCell","","wmacdonald@gmail.com","StudentRecords.xlsx","Sheet1","E15","","","","","wmacdonald@gmail.com","","","","","",""
"14","2019-10-21T00:28:15.064Z","vleno","Chrome","paste","https://forms.zoho.com/universityofmelbourne/form/NewRecord","wmacdonald@gmail.com","","","","","INPUT","text","Email","","","","","","",""
"14","2019-10-21T00:28:15.392Z","vleno","Chrome","editField","https://forms.zoho.com/universityofmelbourne/form/NewRecord","","","","","","INPUT","text","Email","wmacdonald@gmail.com","","","","","",""
"14","2019-10-21T00:28:47.783Z","vleno","Chrome","clickButton","https://forms.zoho.com/universityofmelbourne/form/NewRecord","","","","","","BUTTON","submit","","submit","Submit","","","","","\n<em>Submit</em>\n"
"24","2019-10-21T00:40:48.595Z","vleno","Excel","copyCell","","sivdan@gmail.com","StudentRecords.xlsx","Sheet1","E25","","","","","sivdan@gmail.com","","","","","",""
"24","2019-10-21T00:40:50.049Z","vleno","Chrome","paste","https://forms.zoho.com/universityofmelbourne/form/NewRecord","sivdan@gmail.com","","","","","INPUT","text","Email","","","","","","",""
"24","2019-10-21T00:40:50.337Z","vleno","Chrome","editField","https://forms.zoho.com/universityofmelbourne/form/NewRecord","","","","","","INPUT","text","Email","sivdan@gmail.com","","","","","",""
"24","2019-10-21T00:41:23.268Z","vleno","Chrome","clickButton","https://forms.zoho.com/universityofmelbourne/form/NewRecord","","","","","","BUTTON","submit","","submit","Submit","","","","","\n<em>Submit</em>\n"
"34","2019-10-21T00:53:07.024Z","vleno","Excel","copyCell","","lkao@gmail.com","StudentRecords.xlsx","Sheet1","E35","","","","","lkao@gmail.com","","","","","",""
"34","2019-10-21T00:53:10.018Z","vleno","Chrome","paste","https://forms.zoho.com/universityofmelbourne/form/NewRecord","lkao@gmail.com","","","","","INPUT","text","Email","","","","","","",""
"34","2019-10-21T00:53:10.290Z","vleno","Chrome","editField","https://forms.zoho.com/universityofmelbourne/form/NewRecord","","","","","","INPUT","text","Email","lkao@gmail.com","","","","","",""
"34","2019-10-21T00:53:47.477Z","vleno","Chrome","clickButton","https://forms.zoho.com/universityofmelbourne/form/NewRecord","","","","","","BUTTON","submit","","submit","Submit","","","","","\n<em>Submit</em>\n"
"44","2019-10-21T01:06:51.387Z","vleno","Excel","copyCell","","dbrown@gmail.com","StudentRecords.xlsx","Sheet1","E45","","","","","dbrown@gmail.com","","","","","",""
"44","2019-10-21T01:06:53.066Z","vleno","Chrome","paste","https://forms.zoho.com/universityofmelbourne/form/NewRecord","dbrown@gmail.com","","","","","INPUT","text","Email","","","","","","",""
"44","2019-10-21T01:06:53.338Z","vleno","Chrome","editField","https://forms.zoho.com/universityofmelbourne/form/NewRecord","","","","","","INPUT","text","Email","dbrown@gmail.com","","","","","",""
"44","2019-10-21T01:07:25.224Z","vleno","Chrome","clickButton","https://forms.zoho.com/universityofmelbourne/form/NewRecord","","","","","","BUTTON","submit","","submit","Submit","","","","","\n<em>Submit</em>\n"
"15","2019-10-21T00:29:23.163Z","vleno","Excel","copyCell","","jcanales@gmail.com","StudentRecords.xlsx","Sheet1","E16","","","","","jcanales@gmail.com","","","","","",""
"15","2019-10-21T00:29:25.041Z","vleno","Chrome","paste","https://forms.zoho.com/universityofmelbourne/form/NewRecord","jcanales@gmail.com","","","","","INPUT","text","Email","","","","","","",""
"15","2019-10-21T00:29:25.281Z","vleno","Chrome","editField","https://forms.zoho.com/universityofmelbourne/form/NewRecord","","","","","","INPUT","text","Email","jcanales@gmail.com","","","","","",""
"15","2019-10-21T00:30:02.803Z","vleno","Chrome","clickButton","https://forms.zoho.com/universityofmelbourne/form/NewRecord","","","","","","BUTTON","submit","","submit","Submit","","","","","\n<em>Submit</em>\n"
"25","2019-10-21T00:41:58.716Z","vleno","Excel","copyCell","","bstones@gmail.com","StudentRecords.xlsx","Sheet1","E26","","","","","bstones@gmail.com","","","","","",""
"25","2019-10-21T00:42:01.192Z","vleno","Chrome","paste","https://forms.zoho.com/universityofmelbourne/form/NewRecord","bstones@gmail.com","","","","","INPUT","text","Email","","","","","","",""
"25","2019-10-21T00:42:01.505Z","vleno","Chrome","editField","https://forms.zoho.com/universityofmelbourne/form/NewRecord","","","","","","INPUT","text","Email","bstones@gmail.com","","","","","",""
"25","2019-10-21T00:42:34.634Z","vleno","Chrome","clickButton","https://forms.zoho.com/universityofmelbourne/form/NewRecord","","","","","","BUTTON","submit","","submit","Submit","","","","","\n<em>Submit</em>\n"
"35","2019-10-21T00:55:10.899Z","vleno","Excel","copyCell","","ayuriev@gmail.com","StudentRecords.xlsx","Sheet1","E36","","","","","ayuriev@gmail.com","","","","","",""
"35","2019-10-21T00:55:12.433Z","vleno","Chrome","paste","https://forms.zoho.com/universityofmelbourne/form/NewRecord","ayuriev@gmail.com","","","","","INPUT","text","Email","","","","","","",""
"35","2019-10-21T00:55:12.730Z","vleno","Chrome","editField","https://forms.zoho.com/universityofmelbourne/form/NewRecord","","","","","","INPUT","text","Email","ayuriev@gmail.com","","","","","",""
"35","2019-10-21T00:55:50.004Z","vleno","Chrome","clickButton","https://forms.zoho.com/universityofmelbourne/form/NewRecord","","","","","","BUTTON","submit","","submit","Submit","","","","","\n<em>Submit</em>\n"
"45","2019-10-21T01:07:57.439Z","vleno","Excel","copyCell","","skristensen@gmail.com","StudentRecords.xlsx","Sheet1","E46","","","","","skristensen@gmail.com","","","","","",""
"45","2019-10-21T01:07:58.841Z","vleno","Chrome","paste","https://forms.zoho.com/universityofmelbourne/form/NewRecord","skristensen@gmail.com","","","","","INPUT","text","Email","","","","","","",""
"45","2019-10-21T01:07:59.162Z","vleno","Chrome","editField","https://forms.zoho.com/universityofmelbourne/form/NewRecord","","","","","","INPUT","text","Email","skristensen@gmail.com","","","","","",""
"45","2019-10-21T01:08:28.911Z","vleno","Chrome","clickButton","https://forms.zoho.com/universityofmelbourne/form/NewRecord","","","","","","BUTTON","submit","","submit","Submit","","","","","\n<em>Submit</em>\n"
"16","2019-10-21T00:30:36.815Z","vleno","Excel","copyCell","","ttaylor@gmail.com","StudentRecords.xlsx","Sheet1","E17","","","","","ttaylor@gmail.com","","","","","",""
"16","2019-10-21T00:30:39.401Z","vleno","Chrome","paste","https://forms.zoho.com/universityofmelbourne/form/NewRecord","ttaylor@gmail.com","","","","","INPUT","text","Email","","","","","","",""
"16","2019-10-21T00:30:39.681Z","vleno","Chrome","editField","https://forms.zoho.com/universityofmelbourne/form/NewRecord","","","","","","INPUT","text","Email","ttaylor@gmail.com","","","","","",""
"16","2019-10-21T00:31:12.608Z","vleno","Chrome","clickButton","https://forms.zoho.com/universityofmelbourne/form/NewRecord","","","","","","BUTTON","submit","","submit","Submit","","","","","\n<em>Submit</em>\n"
"26","2019-10-21T00:43:09.804Z","vleno","Excel","copyCell","","binglis@gmail.com","StudentRecords.xlsx","Sheet1","E27","","","","","binglis@gmail.com","","","","","",""
"26","2019-10-21T00:43:11.937Z","vleno","Chrome","paste","https://forms.zoho.com/universityofmelbourne/form/NewRecord","binglis@gmail.com","","","","","INPUT","text","Email","","","","","","",""
"26","2019-10-21T00:43:12.210Z","vleno","Chrome","editField","https://forms.zoho.com/universityofmelbourne/form/NewRecord","","","","","","INPUT","text","Email","binglis@gmail.com","","","","","",""
"26","2019-10-21T00:43:47.095Z","vleno","Chrome","clickButton","https://forms.zoho.com/universityofmelbourne/form/NewRecord","","","","","","BUTTON","submit","","submit","Submit","","","","","\n<em>Submit</em>\n"
"36","2019-10-21T00:56:39.021Z","vleno","Excel","copyCell","","kvalda@gmail.com","StudentRecords.xlsx","Sheet1","E37","","","","","kvalda@gmail.com","","","","","",""
"36","2019-10-21T00:56:40.505Z","vleno","Chrome","paste","https://forms.zoho.com/universityofmelbourne/form/NewRecord","kvalda@gmail.com","","","","","INPUT","text","Email","","","","","","",""
"36","2019-10-21T00:56:40.786Z","vleno","Chrome","editField","https://forms.zoho.com/universityofmelbourne/form/NewRecord","","","","","","INPUT","text","Email","kvalda@gmail.com","","","","","",""
"36","2019-10-21T00:57:19.294Z","vleno","Chrome","clickButton","https://forms.zoho.com/universityofmelbourne/form/NewRecord","","","","","","BUTTON","submit","","submit","Submit","","","","","\n<em>Submit</em>\n"
"46","2019-10-21T01:09:01.361Z","vleno","Excel","copyCell","","msvendsen@gmail.com","StudentRecords.xlsx","Sheet1","E47","","","","","msvendsen@gmail.com","","","","","",""
"46","2019-10-21T01:09:03.778Z","vleno","Chrome","paste","https://forms.zoho.com/universityofmelbourne/form/NewRecord","msvendsen@gmail.com","","","","","INPUT","text","Email","","","","","","",""
"46","2019-10-21T01:09:04.058Z","vleno","Chrome","editField","https://forms.zoho.com/universityofmelbourne/form/NewRecord","","","","","","INPUT","text","Email","msvendsen@gmail.com","","","","","",""
"46","2019-10-21T01:09:35.392Z","vleno","Chrome","clickButton","https://forms.zoho.com/universityofmelbourne/form/NewRecord","","","","","","BUTTON","submit","","submit","Submit","","","","","\n<em>Submit</em>\n"
"17","2019-10-21T00:31:49.471Z","vleno","Excel","copyCell","","jbrown@gmail.com","StudentRecords.xlsx","Sheet1","E18","","","","","jbrown@gmail.com","","","","","",""
"17","2019-10-21T00:31:51.153Z","vleno","Chrome","paste","https://forms.zoho.com/universityofmelbourne/form/NewRecord","jbrown@gmail.com","","","","","INPUT","text","Email","","","","","","",""
"17","2019-10-21T00:31:51.466Z","vleno","Chrome","editField","https://forms.zoho.com/universityofmelbourne/form/NewRecord","","","","","","INPUT","text","Email","jbrown@gmail.com","","","","","",""
"17","2019-10-21T00:32:23.240Z","vleno","Chrome","clickButton","https://forms.zoho.com/universityofmelbourne/form/NewRecord","","","","","","BUTTON","submit","","submit","Submit","","","","","\n<em>Submit</em>\n"
"27","2019-10-21T00:44:22.242Z","vleno","Excel","copyCell","","kuchiyama@gmail.com","StudentRecords.xlsx","Sheet1","E28","","","","","kuchiyama@gmail.com","","","","","",""
"27","2019-10-21T00:44:24.387Z","vleno","Chrome","paste","https://forms.zoho.com/universityofmelbourne/form/NewRecord","kuchiyama@gmail.com","","","","","INPUT","text","Email","","","","","","",""
"27","2019-10-21T00:44:24.665Z","vleno","Chrome","editField","https://forms.zoho.com/universityofmelbourne/form/NewRecord","","","","","","INPUT","text","Email","kuchiyama@gmail.com","","","","","",""
"27","2019-10-21T00:45:16.210Z","vleno","Chrome","clickButton","https://forms.zoho.com/universityofmelbourne/form/NewRecord","","","","","","BUTTON","submit","","submit","Submit","","","","","\n<em>Submit</em>\n"
"37","2019-10-21T00:57:53.335Z","vleno","Excel","copyCell","","sveenman@gmail.com","StudentRecords.xlsx","Sheet1","E38","","","","","sveenman@gmail.com","","","","","",""
"37","2019-10-21T00:57:55.025Z","vleno","Chrome","paste","https://forms.zoho.com/universityofmelbourne/form/NewRecord","sveenman@gmail.com","","","","","INPUT","text","Email","","","","","","",""
"37","2019-10-21T00:57:55.297Z","vleno","Chrome","editField","https://forms.zoho.com/universityofmelbourne/form/NewRecord","","","","","","INPUT","text","Email","sveenman@gmail.com","","","","","",""
"37","2019-10-21T00:58:29.353Z","vleno","Chrome","clickButton","https://forms.zoho.com/universityofmelbourne/form/NewRecord","","","","","","BUTTON","submit","","submit","Submit","","","","","\n<em>Submit</em>\n"
"47","2019-10-21T01:10:10.171Z","vleno","Excel","copyCell","","ppinneau@gmail.com","StudentRecords.xlsx","Sheet1","E48","","","","","ppinneau@gmail.com","","","","","",""
"47","2019-10-21T01:10:11.705Z","vleno","Chrome","paste","https://forms.zoho.com/universityofmelbourne/form/NewRecord","ppinneau@gmail.com","","","","","INPUT","text","Email","","","","","","",""
"47","2019-10-21T01:10:11.962Z","vleno","Chrome","editField","https://forms.zoho.com/universityofmelbourne/form/NewRecord","","","","","","INPUT","text","Email","ppinneau@gmail.com","","","","","",""
"47","2019-10-21T01:10:42.989Z","vleno","Chrome","clickButton","https://forms.zoho.com/universityofmelbourne/form/NewRecord","","","","","","BUTTON","submit","","submit","Submit","","","","","\n<em>Submit</em>\n"
"18","2019-10-21T00:33:04.925Z","vleno","Excel","copyCell","","cesposito@gmail.com","StudentRecords.xlsx","Sheet1","E19","","","","","cesposito@gmail.com","","","","","",""
"18","2019-10-21T00:33:06.993Z","vleno","Chrome","paste","https://forms.zoho.com/universityofmelbourne/form/NewRecord","cesposito@gmail.com","","","","","INPUT","text","Email","","","","","","",""
"18","2019-10-21T00:33:07.386Z","vleno","Chrome","editField","https://forms.zoho.com/universityofmelbourne/form/NewRecord","","","","","","INPUT","text","Email","cesposito@gmail.com","","","","","",""
"18","2019-10-21T00:33:41.136Z","vleno","Chrome","clickButton","https://forms.zoho.com/universityofmelbourne/form/NewRecord","","","","","","BUTTON","submit","","submit","Submit","","","","","\n<em>Submit</em>\n"
"28","2019-10-21T00:45:50.341Z","vleno","Excel","copyCell","","aivanovic@gmail.com","StudentRecords.xlsx","Sheet1","E29","","","","","aivanovic@gmail.com","","","","","",""
"28","2019-10-21T00:45:52.537Z","vleno","Chrome","paste","https://forms.zoho.com/universityofmelbourne/form/NewRecord","aivanovic@gmail.com","","","","","INPUT","text","Email","","","","","","",""
"28","2019-10-21T00:45:52.834Z","vleno","Chrome","editField","https://forms.zoho.com/universityofmelbourne/form/NewRecord","","","","","","INPUT","text","Email","aivanovic@gmail.com","","","","","",""
"28","2019-10-21T00:46:26.886Z","vleno","Chrome","clickButton","https://forms.zoho.com/universityofmelbourne/form/NewRecord","","","","","","BUTTON","submit","","submit","Submit","","","","","\n<em>Submit</em>\n"
"38","2019-10-21T00:59:00.111Z","vleno","Excel","copyCell","","abradshaw@gmail.com","StudentRecords.xlsx","Sheet1","E39","","","","","abradshaw@gmail.com","","","","","",""
"38","2019-10-21T00:59:01.556Z","vleno","Chrome","paste","https://forms.zoho.com/universityofmelbourne/form/NewRecord","abradshaw@gmail.com","","","","","INPUT","text","Email","","","","","","",""
"38","2019-10-21T00:59:01.802Z","vleno","Chrome","editField","https://forms.zoho.com/universityofmelbourne/form/NewRecord","","","","","","INPUT","text","Email","abradshaw@gmail.com","","","","","",""
"38","2019-10-21T00:59:36.390Z","vleno","Chrome","clickButton","https://forms.zoho.com/universityofmelbourne/form/NewRecord","","","","","","BUTTON","submit","","submit","Submit","","","","","\n<em>Submit</em>\n"
"48","2019-10-21T01:11:16.597Z","vleno","Excel","copyCell","","amilanesi@gmail.com","StudentRecords.xlsx","Sheet1","E49","","","","","amilanesi@gmail.com","","","","","",""
"48","2019-10-21T01:11:18.857Z","vleno","Chrome","paste","https://forms.zoho.com/universityofmelbourne/form/NewRecord","amilanesi@gmail.com","","","","","INPUT","text","Email","","","","","","",""
"48","2019-10-21T01:11:19.177Z","vleno","Chrome","editField","https://forms.zoho.com/universityofmelbourne/form/NewRecord","","","","","","INPUT","text","Email","amilanesi@gmail.com","","","","","",""
"48","2019-10-21T01:11:52.221Z","vleno","Chrome","clickButton","https://forms.zoho.com/universityofmelbourne/form/NewRecord","","","","","","BUTTON","submit","","submit","Submit","","","","","\n<em>Submit</em>\n"
"19","2019-10-21T00:34:13.125Z","vleno","Excel","copyCell","","awilson@gmail.com","StudentRecords.xlsx","Sheet1","E20","","","","","awilson@gmail.com","","","","","",""
"19","2019-10-21T00:34:15.312Z","vleno","Chrome","paste","https://forms.zoho.com/universityofmelbourne/form/NewRecord","awilson@gmail.com","","","","","INPUT","text","Email","","","","","","",""
"19","2019-10-21T00:34:15.601Z","vleno","Chrome","editField","https://forms.zoho.com/universityofmelbourne/form/NewRecord","","","","","","INPUT","text","Email","awilson@gmail.com","","","","","",""
"19","2019-10-21T00:34:55.684Z","vleno","Chrome","clickButton","https://forms.zoho.com/universityofmelbourne/form/NewRecord","","","","","","BUTTON","submit","","submit","Submit","","","","","\n<em>Submit</em>\n"
"29","2019-10-21T00:47:03.949Z","vleno","Excel","copyCell","","zkung@gmail.com","StudentRecords.xlsx","Sheet1","E30","","","","","zkung@gmail.com","","","","","",""
"29","2019-10-21T00:47:05.785Z","vleno","Chrome","paste","https://forms.zoho.com/universityofmelbourne/form/NewRecord","zkung@gmail.com","","","","","INPUT","text","Email","","","","","","",""
"29","2019-10-21T00:47:06.090Z","vleno","Chrome","editField","https://forms.zoho.com/universityofmelbourne/form/NewRecord","","","","","","INPUT","text","Email","zkung@gmail.com","","","","","",""
"29","2019-10-21T00:47:44.825Z","vleno","Chrome","clickButton","https://forms.zoho.com/universityofmelbourne/form/NewRecord","","","","","","BUTTON","submit","","submit","Submit","","","","","\n<em>Submit</em>\n"
"39","2019-10-21T01:00:10.848Z","vleno","Excel","copyCell","","bstanley@gmail.com","StudentRecords.xlsx","Sheet1","E40","","","","","bstanley@gmail.com","","","","","",""
"39","2019-10-21T01:00:12.665Z","vleno","Chrome","paste","https://forms.zoho.com/universityofmelbourne/form/NewRecord","bstanley@gmail.com","","","","","INPUT","text","Email","","","","","","",""
"39","2019-10-21T01:00:12.929Z","vleno","Chrome","editField","https://forms.zoho.com/universityofmelbourne/form/NewRecord","","","","","","INPUT","text","Email","bstanley@gmail.com","","","","","",""
"39","2019-10-21T01:00:46.864Z","vleno","Chrome","clickButton","https://forms.zoho.com/universityofmelbourne/form/NewRecord","","","","","","BUTTON","submit","","submit","Submit","","","","","\n<em>Submit</em>\n"
"49","2019-10-21T01:12:25.572Z","vleno","Excel","copyCell","","lbianchi@gmail.com","StudentRecords.xlsx","Sheet1","E50","","","","","lbianchi@gmail.com","","","","","",""
"49","2019-10-21T01:12:27.241Z","vleno","Chrome","paste","https://forms.zoho.com/universityofmelbourne/form/NewRecord","lbianchi@gmail.com","","","","","INPUT","text","Email","","","","","","",""
"49","2019-10-21T01:12:27.497Z","vleno","Chrome","editField","https://forms.zoho.com/universityofmelbourne/form/NewRecord","","","","","","INPUT","text","Email","lbianchi@gmail.com","","","","","",""
"49","2019-10-21T01:13:01.465Z","vleno","Chrome","clickButton","https://forms.zoho.com/universityofmelbourne/form/NewRecord","","","","","","BUTTON","submit","","submit","Submit","","","","","\n<em>Submit</em>\n"
